TimeSlice,LimType,Attribute,Year,Other_Indexes,CZ,Cset_Set,Cset_CN,Cset_CD,Pset_PN,Installation name,Operator name,Quantity to be allocated 2025,ETS_ID,new_operator (same as column D),original operator,operator match,original operator score,new_installation (same as column C),original installation,installation_match,original installation score,match_total,Comments,Comments LR,Unnamed: 34,Same as AC,operator to installation,operator to installation match,Same as Y,installation to operator,installation to operator match,AND,Unnamed: 33,Unnamed: 34.1,Unnamed: 35,Combo,original operator (from combo),original installation (from combo),original combo score
,,FLO_EMIS,2025,,65717,,EUAF,,,Synthomer a.s.,Synthomer a.s.,65717,,Synthomer a.s.,,0,57.0,Synthomer a.s.,,0,55.0,0,,,,,Výroba Polystyreny,False,0,,False,True,,,,Synthomer a.s. /314159/ Synthomer a.s.,CTZ,CTZ,75
,,FLO_EMIS,2025,,6961,,EUAF,,FM215,Teplárna - spalovací zařízení,"ACTHERM, spol. s r.o., odštěpný závod Chomutov",6961,215,"ACTHERM, spol. s r.o., odštěpný závod Chomutov",ACTHERM,1,100.0,Teplárna - spalovací zařízení,ACTHERM,1,,2,,,,ACTHERM,ACTHERM,True,ACTHERM,ACTHERM,True,True,,,,"ACTHERM, spol. s r.o., odštěpný závod Chomutov /314159/ Teplárna - spalovací zařízení",ACTHERM,ACTHERM,100
,,FLO_EMIS,2025,,1008,,EUAF,,IMACH331,Plynová kotelna Aero Vodochody,ATALIAN CZ s.r.o.,1008,331,ATALIAN CZ s.r.o.,AB Facility,1,62.0,Plynová kotelna Aero Vodochody,AERO Vodochody AEROSPACE,1,82.0,2,,,,AERO Vodochody AEROSPACE,Areál Zbrojovky Brno,False,AB Facility,AB Facility,True,True,,,,ATALIAN CZ s.r.o. /314159/ Plynová kotelna Aero Vodochody,POLDI s.r.o.,POLDI s.r.o.,80
,,FLO_EMIS,2025,,412395,,EUAF,,ICH160,AGROCHEMIE,"UNIPETROL RPA, s.r.o.",412395,160,"UNIPETROL RPA, s.r.o.",UNIPETROL RPA,1,100.0,AGROCHEMIE,AGROCHEMIE,1,100.0,2,,,,AGROCHEMIE,PETROCHEMIE,False,UNIPETROL RPA,UNIPETROL RPA,True,True,,,,"UNIPETROL RPA, s.r.o. /314159/ AGROCHEMIE",UNIPETROL RPA,AGROCHEMIE,100
,,FLO_EMIS,2025,,1148,,EUAF,,IMACH412,Aircraft Industries a.s.,Aircraft Industries a.s.,1148,412,Aircraft Industries a.s.,Aircraft Industries,1,100.0,Aircraft Industries a.s.,Aircraft Industries,1,100.0,2,,,,Aircraft Industries,Aircraft Industries,True,Aircraft Industries,Aircraft Industries,True,True,,,,Aircraft Industries a.s. /314159/ Aircraft Industries a.s.,Aircraft Industries,Aircraft Industries,100
,,FLO_EMIS,2025,,16981,,EUAF,,IIS97,Kotelna Břidličná,"AL INVEST Břidličná, a.s.",16981,97,"AL INVEST Břidličná, a.s.",AL INVEST Břidličná,1,100.0,Kotelna Břidličná,AL INVEST Břidličná,1,,2,,,,AL INVEST Břidličná,AL INVEST Břidličná,True,AL INVEST Břidličná,AL INVEST Břidličná,True,True,,,,"AL INVEST Břidličná, a.s. /314159/ Kotelna Břidličná",AL INVEST Břidličná,AL INVEST Břidličná,100
,,FLO_EMIS,2025,,8461,,EUAF,,IIS446,ArcelorMittal Engineering Products Ostrava s.r.o.,ArcelorMittal Engineering Products Ostrava s.r.o.,8461,446,ArcelorMittal Engineering Products Ostrava s.r.o.,ArcelorMittal Engineering Products Ostrava,1,100.0,ArcelorMittal Engineering Products Ostrava s.r.o.,ArcelorMittal Engineering Products Ostrava,1,100.0,2,,,,ArcelorMittal Engineering Products Ostrava,ArcelorMittal Engineering Products Ostrava,True,ArcelorMittal Engineering Products Ostrava,ArcelorMittal Engineering Products Ostrava,True,True,,,,ArcelorMittal Engineering Products Ostrava s.r.o. /314159/ ArcelorMittal Engineering Products Ostrava s.r.o.,ArcelorMittal Engineering Products Ostrava,ArcelorMittal Engineering Products Ostrava,100
,,FLO_EMIS,2025,,3402629,,EUAF,,IIS134,ArcelorMittal Ostrava a.s.,ArcelorMittal Ostrava a.s.,3402629,134,ArcelorMittal Ostrava a.s.,ArcelorMittal Ostrava,1,100.0,ArcelorMittal Ostrava a.s.,ArcelorMittal Ostrava,1,100.0,2,,,,ArcelorMittal Ostrava,ArcelorMittal Ostrava,True,ArcelorMittal Ostrava,ArcelorMittal Ostrava,True,True,,,,ArcelorMittal Ostrava a.s. /314159/ ArcelorMittal Ostrava a.s.,ArcelorMittal Ostrava,ArcelorMittal Ostrava,100
,,FLO_EMIS,2025,,4546,,EUAF,,IIS21,ArcelorMittal Tubular Products Karviná a.s.,ArcelorMittal Tubular Products Karviná a.s.,4546,21,ArcelorMittal Tubular Products Karviná a.s.,ArcelorMittal Tubular Products Karviná,1,100.0,ArcelorMittal Tubular Products Karviná a.s.,ArcelorMittal Tubular Products Karviná,1,100.0,2,,,,ArcelorMittal Tubular Products Karviná,ArcelorMittal Tubular Products Karviná,True,ArcelorMittal Tubular Products Karviná,ArcelorMittal Tubular Products Karviná,True,True,,,,ArcelorMittal Tubular Products Karviná a.s. /314159/ ArcelorMittal Tubular Products Karviná a.s.,ArcelorMittal Tubular Products Karviná,ArcelorMittal Tubular Products Karviná,100
,,FLO_EMIS,2025,,35821,,EUAF,,IIS435,ArcelorMittal Tubular Products Ostrava a.s.,ArcelorMittal Tubular Products Ostrava a.s.,35821,435,ArcelorMittal Tubular Products Ostrava a.s.,ArcelorMittal Tubular Products Ostrava,1,100.0,ArcelorMittal Tubular Products Ostrava a.s.,ArcelorMittal Tubular Products Ostrava,1,100.0,2,,,,ArcelorMittal Tubular Products Ostrava,ArcelorMittal Tubular Products Ostrava,True,ArcelorMittal Tubular Products Ostrava,ArcelorMittal Tubular Products Ostrava,True,True,,,,ArcelorMittal Tubular Products Ostrava a.s. /314159/ ArcelorMittal Tubular Products Ostrava a.s.,ArcelorMittal Ostrava,ArcelorMittal Ostrava,100
,,FLO_EMIS,2025,,5571,,EUAF,,IPP243,Závod Lukavice,Balsac papermill s.r.o.,5571,243,Balsac papermill s.r.o.,Balsac papermill,1,100.0,Závod Lukavice,Balsac papermill,1,,2,,,,Balsac papermill,Balsac papermill,True,Balsac papermill,Balsac papermill,True,True,,,,Balsac papermill s.r.o. /314159/ Závod Lukavice,Balsac papermill,Balsac papermill,100
,,FLO_EMIS,2025,,3929,,EUAF,,IPP340,Lenzing Biocel Paskov a.s.,Lenzing Biocel Paskov a.s.,3929,340,Lenzing Biocel Paskov a.s.,Biocel Paskov,1,100.0,Lenzing Biocel Paskov a.s.,Biocel Paskov,1,100.0,2,,,,Biocel Paskov,Biocel Paskov,True,Biocel Paskov,Biocel Paskov,True,True,,,,Lenzing Biocel Paskov a.s. /314159/ Lenzing Biocel Paskov a.s.,Biocel Paskov,Biocel Paskov,100
,,FLO_EMIS,2025,,1863,,EUAF,,ICR120,Wienerberger s.r.o. - závod Blížejov,Wienerberger s.r.o.,1863,120,Wienerberger s.r.o.,TONDACH ČR,1,80.0,Wienerberger s.r.o. - závod Blížejov,Blížejov,1,100.0,2,,,,Blížejov,Šlapanice,False,TONDACH ČR,TONDACH ČR,True,True,,,,Wienerberger s.r.o. /314159/ Wienerberger s.r.o. - závod Blížejov,POLDI s.r.o.,POLDI s.r.o.,80
,,FLO_EMIS,2025,,27592,,EUAF,,IIS462,"Válcovna kol, kovárna náprav BONATRANS GROUP a.s.",BONATRANS GROUP a.s.,27592,462,BONATRANS GROUP a.s.,BONATRANS GROUP,1,100.0,"Válcovna kol, kovárna náprav BONATRANS GROUP a.s.",BONATRANS GROUP,1,100.0,2,,,,BONATRANS GROUP,BONATRANS GROUP,True,BONATRANS GROUP,BONATRANS GROUP,True,True,,,,"BONATRANS GROUP a.s. /314159/ Válcovna kol, kovárna náprav BONATRANS GROUP a.s.",BONATRANS GROUP,BONATRANS GROUP,100
,,FLO_EMIS,2025,,129463,,EUAF,,ICH455,"BorsodChem MCHZ, s.r.o.","BorsodChem MCHZ, s.r.o.",129463,455,"BorsodChem MCHZ, s.r.o.",BorsodChem MCHZ,1,100.0,"BorsodChem MCHZ, s.r.o.",BorsodChem MCHZ,1,100.0,2,,,,BorsodChem MCHZ,BorsodChem MCHZ,True,BorsodChem MCHZ,BorsodChem MCHZ,True,True,,,,"BorsodChem MCHZ, s.r.o. /314159/ BorsodChem MCHZ, s.r.o.",BorsodChem MCHZ,BorsodChem MCHZ,100
,,FLO_EMIS,2025,,6279,,EUAF,,FM427,Carthamus a.s. Energoblok Domoradice,Carthamus a.s.,6279,427,Carthamus a.s.,Carthamus,1,100.0,Carthamus a.s. Energoblok Domoradice,Carthamus,1,100.0,2,,,,Carthamus,Carthamus,True,Carthamus,Carthamus,True,True,,,,Carthamus a.s. /314159/ Carthamus a.s. Energoblok Domoradice,Carthamus,Carthamus,100
,,FLO_EMIS,2025,,474188,,EUAF,,ICM136,Rotační pec,"Cement Hranice, akciová společnost",474188,136,"Cement Hranice, akciová společnost",Cement Hranice,1,100.0,Rotační pec,Cement Hranice,1,0.0,2,,,,Cement Hranice,Cement Hranice,True,Cement Hranice,Cement Hranice,True,True,,,,"Cement Hranice, akciová společnost /314159/ Rotační pec",Cement Hranice,Cement Hranice,100
,,FLO_EMIS,2025,,440183,,EUAF,,ICM381,"Cemex Czech Republic, s.r.o., rotační pec na výpal cementářského slínku","Cemex Czech Republic, s.r.o.",440183,381,"Cemex Czech Republic, s.r.o.",CEMEX Cement (opr),1,82.0,"Cemex Czech Republic, s.r.o., rotační pec na výpal cementářského slínku",CEMEX Cement (opr),1,82.0,2,,,,CEMEX Cement (opr),CEMEX Cement (opr),True,CEMEX Cement (opr),CEMEX Cement (opr),True,True,,,,"Cemex Czech Republic, s.r.o. /314159/ Cemex Czech Republic, s.r.o., rotační pec na výpal cementářského slínku",Iveco Czech Republic,Iveco Czech Republic,88
,,FLO_EMIS,2025,,10296,,EUAF,,FM282,C-Energy Planá s.r.o.,C-Energy Planá s.r.o.,10296,282,C-Energy Planá s.r.o.,C-Energy Bohemia,1,67.0,C-Energy Planá s.r.o.,C-Energy Bohemia,1,67.0,2,,,,C-Energy Bohemia,C-Energy Bohemia,True,C-Energy Bohemia,C-Energy Bohemia,True,True,,,,C-Energy Planá s.r.o. /314159/ C-Energy Planá s.r.o.,POLDI s.r.o.,POLDI s.r.o.,80
,,FLO_EMIS,2025,,1262,,EUAF,,IPP186,"CEREPA, a.s.","CEREPA, a.s.",1262,186,"CEREPA, a.s.",CEREPA,1,100.0,"CEREPA, a.s.",CEREPA,1,100.0,2,,,,CEREPA,CEREPA,True,CEREPA,CEREPA,True,True,,,,"CEREPA, a.s. /314159/ CEREPA, a.s.",CEREPA,CEREPA,100
,,FLO_EMIS,2025,,810,,EUAF,,IMACH270,Česká zbrojovka a.s. - kotelna v hlavním závodě,Česká zbrojovka a.s.,810,270,Česká zbrojovka a.s.,Česká zbrojovka,1,100.0,Česká zbrojovka a.s. - kotelna v hlavním závodě,Česká zbrojovka,1,100.0,2,,,,Česká zbrojovka,Česká zbrojovka,True,Česká zbrojovka,Česká zbrojovka,True,True,,,,Česká zbrojovka a.s. /314159/ Česká zbrojovka a.s. - kotelna v hlavním závodě,Česká zbrojovka,Česká zbrojovka,100
,,FLO_EMIS,2025,,9119,,EUAF,,ICR33,"České lupkové závody, a.s.","České lupkové závody, a.s.",9119,33,"České lupkové závody, a.s.",České lupkové závody,1,100.0,"České lupkové závody, a.s.",České lupkové závody,1,100.0,2,,,,České lupkové závody,České lupkové závody,True,České lupkové závody,České lupkové závody,True,True,,,,"České lupkové závody, a.s. /314159/ České lupkové závody, a.s.",České lupkové závody,České lupkové závody,100
,,FLO_EMIS,2025,,8041,,EUAF,,ICR310,Cihelna Dolní Bukovsko,HELUZ cihlářský průmysl v.o.s,8041,310,HELUZ cihlářský průmysl v.o.s,HELUZ cihlářský průmysl,1,100.0,Cihelna Dolní Bukovsko,Cihelna Dolní Bukovsko,1,100.0,2,,,,Cihelna Dolní Bukovsko,Cihelna Hevlín II,False,HELUZ cihlářský průmysl,HELUZ cihlářský průmysl,False,True,,,,HELUZ cihlářský průmysl v.o.s /314159/ Cihelna Dolní Bukovsko,HELUZ cihlářský průmysl,Cihelna Dolní Bukovsko,100
,,FLO_EMIS,2025,,11157,,EUAF,,ICR306,Cihelna Hevlín,HELUZ cihlářský průmysl v.o.s.,11157,306,HELUZ cihlářský průmysl v.o.s.,HELUZ cihlářský průmysl,1,100.0,Cihelna Hevlín,Cihelna Hevlín I,1,100.0,2,,,,Cihelna Hevlín I,Cihelna Hevlín II,True,HELUZ cihlářský průmysl,HELUZ ,True,True,,,,HELUZ cihlářský průmysl v.o.s. /314159/ Cihelna Hevlín,HELUZ cihlářský průmysl,Cihelna Hevlín I,98
,,FLO_EMIS,2025,,23523,,EUAF,,ICR440,Cihelna Hevlín II,HELUZ s.r.o.,23523,440,HELUZ s.r.o.,HELUZ ,1,100.0,Cihelna Hevlín II,Cihelna Hevlín II,1,100.0,2,,,,Cihelna Hevlín II,Cihelna Hevlín II,True,HELUZ ,HELUZ ,True,True,,,,HELUZ s.r.o. /314159/ Cihelna Hevlín II,HELUZ ,Cihelna Hevlín II,100
,,FLO_EMIS,2025,,6946,,EUAF,,ICR379,Cihelna - tunelová pec,"Cihelna Hodonín, s.r.o",6946,379,"Cihelna Hodonín, s.r.o",Cihelna Hodonín,1,100.0,Cihelna - tunelová pec,Cihelna Hodonín,1,74.0,2,,,,Cihelna Hodonín,Cihelna Hodonín,False,Cihelna Hodonín,Zlínské cihelny,False,True,,,,"Cihelna Hodonín, s.r.o /314159/ Cihelna - tunelová pec",Cihelna Hodonín,Cihelna Hodonín,100
,,FLO_EMIS,2025,,10886,,EUAF,,ICR19,"Cihelna Kinský, spol. s r. o.","Cihelna Kinský, spol. s r. o.",10886,19,"Cihelna Kinský, spol. s r. o.",Cihelna Kinský,1,100.0,"Cihelna Kinský, spol. s r. o.",Cihelna Kinský,1,100.0,2,,,,Cihelna Kinský,Cihelna Kinský,True,Cihelna Kinský,Cihelna Kinský,True,True,,,,"Cihelna Kinský, spol. s r. o. /314159/ Cihelna Kinský, spol. s r. o.",Cihelna Kinský,Cihelna Kinský,100
,,FLO_EMIS,2025,,15306,,EUAF,,ICR280,Cihelna Libochovice,HELUZ cihlářský průmysl v.o.s,15306,280,HELUZ cihlářský průmysl v.o.s,HELUZ cihlářský průmysl,1,100.0,Cihelna Libochovice,Cihelna Libochovice,1,100.0,2,,,,Cihelna Libochovice,Cihelna Hevlín II,False,HELUZ cihlářský průmysl,HELUZ cihlářský průmysl,False,True,,,,HELUZ cihlářský průmysl v.o.s /314159/ Cihelna Libochovice,HELUZ cihlářský průmysl,Cihelna Libochovice,100
,,FLO_EMIS,2025,,1650,,EUAF,,ICR289,Zlínské cihelny s.r.o. - cihelna Malenovice,Zlínské cihelny s.r.o.,1650,289,Zlínské cihelny s.r.o.,Zlínské cihelny,1,100.0,Zlínské cihelny s.r.o. - cihelna Malenovice,Cihelna Malenovice,1,100.0,2,,,,Cihelna Malenovice,Cihelna Malenovice,True,Zlínské cihelny,Zlínské cihelny,True,True,,,,Zlínské cihelny s.r.o. /314159/ Zlínské cihelny s.r.o. - cihelna Malenovice,Zlínské cihelny,Cihelna Malenovice,100
,,FLO_EMIS,2025,,1986,,EUAF,,ICR295,"Cihelna Polom, spol. s r.o.","Cihelna Polom, spol. s r.o.",1986,295,"Cihelna Polom, spol. s r.o.",Cihelna Polom,1,100.0,"Cihelna Polom, spol. s r.o.",Cihelna Polom,1,100.0,2,,,,Cihelna Polom,Cihelna Polom,True,Cihelna Polom,Cihelna Polom,True,True,,,,"Cihelna Polom, spol. s r.o. /314159/ Cihelna Polom, spol. s r.o.",Cihelna Polom,Cihelna Polom,100
,,FLO_EMIS,2025,,1332,,EUAF,,ICR288,Zlínské cihelny s.r.o. - cihelna Žopy,Zlínské cihelny s.r.o,1332,288,Zlínské cihelny s.r.o,Zlínské cihelny,1,100.0,Zlínské cihelny s.r.o. - cihelna Žopy,Cihelna Žopy,1,100.0,2,,,,Cihelna Žopy,Cihelna Malenovice,False,Zlínské cihelny,Zlínské cihelny,True,True,,,,Zlínské cihelny s.r.o /314159/ Zlínské cihelny s.r.o. - cihelna Žopy,Zlínské cihelny,Cihelna Žopy,100
,,FLO_EMIS,2025,,924,,EUAF,,IIS34,"ČKD Kutná Hora, a.s. - Slévárna Kutná Hora","ČKD Kutná Hora, a.s.",924,34,"ČKD Kutná Hora, a.s.",ČKD Kutná Hora,1,100.0,"ČKD Kutná Hora, a.s. - Slévárna Kutná Hora",ČKD Kutná Hora,1,100.0,2,,,,ČKD Kutná Hora,ČKD Kutná Hora,True,ČKD Kutná Hora,ČKD Kutná Hora,True,True,,,,"ČKD Kutná Hora, a.s. /314159/ ČKD Kutná Hora, a.s. - Slévárna Kutná Hora",ČKD Kutná Hora,ČKD Kutná Hora,100
,,FLO_EMIS,2025,,15911,,EUAF,,INF452,Constellium Extrusions Děčín s.r.o.,Constellium Extrusions Děčín s.r.o.,15911,452,Constellium Extrusions Děčín s.r.o.,Constlellium Extrusions Děčín,1,89.0,Constellium Extrusions Děčín s.r.o.,Constlellium Extrusions Děčín,1,89.0,2,,,,Constlellium Extrusions Děčín,Constlellium Extrusions Děčín,True,Constlellium Extrusions Děčín,Constlellium Extrusions Děčín,True,True,,,,Constellium Extrusions Děčín s.r.o. /314159/ Constellium Extrusions Děčín s.r.o.,Constlellium Extrusions Děčín,Constlellium Extrusions Děčín,91
,,FLO_EMIS,2025,,5017,,EUAF,,IGL184,"Crystal BOHEMIA, a.s.","Crystal BOHEMIA, a.s.",5017,184,"Crystal BOHEMIA, a.s.",Crystal BOHEMIA,1,100.0,"Crystal BOHEMIA, a.s.",Crystal BOHEMIA,1,100.0,2,,,,Crystal BOHEMIA,Crystal BOHEMIA,True,Crystal BOHEMIA,Crystal BOHEMIA,True,True,,,,"Crystal BOHEMIA, a.s. /314159/ Crystal BOHEMIA, a.s.",Crystal BOHEMIA,Crystal BOHEMIA,100
,,FLO_EMIS,2025,,12663,,EUAF,,IGL168,Sklo Bohemia,CRYSTALITE BOHEMIA a.s.,12663,168,CRYSTALITE BOHEMIA a.s.,CRYSTALITE BOMEMIA,1,85.0,Sklo Bohemia,CRYSTALITE BOMEMIA,1,0.0,2,,,,CRYSTALITE BOMEMIA,CRYSTALITE BOMEMIA,True,CRYSTALITE BOMEMIA,CRYSTALITE BOMEMIA,True,True,,,,CRYSTALITE BOHEMIA a.s. /314159/ Sklo Bohemia,CRYSTALITE BOMEMIA,CRYSTALITE BOMEMIA,81
,,FLO_EMIS,2025,,135867,,EUAF,,ICH457,"CS CABOT, spol. s r.o.","CS CABOT, spol. s r.o.",135867,457,"CS CABOT, spol. s r.o.",CS CABOT,1,100.0,"CS CABOT, spol. s r.o.",CS CABOT,1,100.0,2,,,,CS CABOT,CS CABOT,True,CS CABOT,CS CABOT,True,True,,,,"CS CABOT, spol. s r.o. /314159/ CS CABOT, spol. s r.o.",CS CABOT,CS CABOT,100
,,FLO_EMIS,2025,,31212,,EUAF,,IFT342,Tereos TTD - Cukrovar České Meziříčí,"Tereos TTD, a.s.",31212,342,"Tereos TTD, a.s.",Tereos TTD,1,100.0,Tereos TTD - Cukrovar České Meziříčí,Cukrovar České Meziříčí,1,100.0,2,,,,Cukrovar České Meziříčí,Kotelna lihovaru Kojetín,False,Tereos TTD,Tereos TTD,True,True,,,,"Tereos TTD, a.s. /314159/ Tereos TTD - Cukrovar České Meziříčí",Tereos TTD,Cukrovar České Meziříčí,100
,,FLO_EMIS,2025,,64219,,EUAF,,IFT360,Tereos TTD - Cukrovar Dobrovice,"Tereos TTD, a.s.",64219,360,"Tereos TTD, a.s.",Tereos TTD,1,100.0,Tereos TTD - Cukrovar Dobrovice,Cukrovar Dobrovice,1,100.0,2,,,,Cukrovar Dobrovice,Kotelna lihovaru Kojetín,False,Tereos TTD,Tereos TTD,True,True,,,,"Tereos TTD, a.s. /314159/ Tereos TTD - Cukrovar Dobrovice",Tereos TTD,Cukrovar Dobrovice,100
,,FLO_EMIS,2025,,24565,,EUAF,,IFT27,"Moravskoslezské cukrovary, a.s. závod Hrušovany nad Jevišovkou","Moravskoslezské cukrovary, a.s.",24565,27,"Moravskoslezské cukrovary, a.s.",Moravskoslezské cukrovary,1,100.0,"Moravskoslezské cukrovary, a.s. závod Hrušovany nad Jevišovkou",Cukrovar Hrušovany n.J.,1,,2,,,,Cukrovar Hrušovany n.J.,Cukrovar Opava,False,Moravskoslezské cukrovary,Moravskoslezské cukrovary,True,False,,,,"Moravskoslezské cukrovary, a.s. /314159/ Moravskoslezské cukrovary, a.s. závod Hrušovany nad Jevišovkou",Moravskoslezské cukrovary,Cukrovar Hrušovany n.J.,86
,,FLO_EMIS,2025,,19050,,EUAF,,IFT103,"Moravskoslezské cukrovary, a.s.- odštěpný závod Opava","Moravskoslezské cukrovary, a.s.",19050,103,"Moravskoslezské cukrovary, a.s.",Moravskoslezské cukrovary,1,100.0,"Moravskoslezské cukrovary, a.s.- odštěpný závod Opava",Cukrovar Opava,1,,2,,,,Cukrovar Opava,Cukrovar Opava,True,Moravskoslezské cukrovary,Moravskoslezské cukrovary,True,True,,,,"Moravskoslezské cukrovary, a.s. /314159/ Moravskoslezské cukrovary, a.s.- odštěpný závod Opava",Moravskoslezské cukrovary,Cukrovar Opava,89
,,FLO_EMIS,2025,,10767,,EUAF,,IFT23,Cukrovar Vrbátky,"Cukrovar Vrbátky, a.s.",10767,23,"Cukrovar Vrbátky, a.s.",Cukrovar Vrbátky,1,100.0,Cukrovar Vrbátky,Cukrovar Vrbátky,1,100.0,2,,,,Cukrovar Vrbátky,Cukrovar Vrbátky,True,Cukrovar Vrbátky,Cukrovar Vrbátky,True,True,,,,"Cukrovar Vrbátky, a.s. /314159/ Cukrovar Vrbátky",Cukrovar Vrbátky,Cukrovar Vrbátky,100
,,FLO_EMIS,2025,,4913,,EUAF,,ICH229,Plynová kotelna,Devro s.r.o.,4913,229,Devro s.r.o.,Devro,1,100.0,Plynová kotelna,Devro,1,100.0,2,,,,Devro,Devro,False,Devro,ČEZ Teplárenská,False,True,,,,Devro s.r.o. /314159/ Plynová kotelna,Devro,Devro,100
,,FLO_EMIS,2025,,158085,,EUAF,,CHPICH235,"DEZA, a.s.","DEZA, a.s.",158085,235,"DEZA, a.s.",DEZA,1,100.0,"DEZA, a.s.",DEZA,1,100.0,2,,,,DEZA,DEZA,True,DEZA,DEZA,True,True,,,,"DEZA, a.s. /314159/ DEZA, a.s.",DEZA,DEZA,100
,,FLO_EMIS,2025,,23421,,EUAF,,IW139,Dřevozpracující družstvo Lukavec,Dřevozpracující družstvo,23421,139,Dřevozpracující družstvo,Dřevozpracující družstvo,1,100.0,Dřevozpracující družstvo Lukavec,Dřevozpracující družstvo,1,100.0,2,,,,Dřevozpracující družstvo,Dřevozpracující družstvo,True,Dřevozpracující družstvo,Dřevozpracující družstvo,True,True,,,,Dřevozpracující družstvo /314159/ Dřevozpracující družstvo Lukavec,Dřevozpracující družstvo,Dřevozpracující družstvo,100
,,FLO_EMIS,2025,,1375,,EUAF,,FM200,Elektrárna Chvaletice,"Sev.en EC, a.s.",1375,200,"Sev.en EC, a.s.",Sev.en,1,100.0,Elektrárna Chvaletice,Elektrárna Chvaletice,1,100.0,2,,,,Elektrárna Chvaletice,Elektrárna Chvaletice,True,Sev.en,Sev.en,True,True,,,,"Sev.en EC, a.s. /314159/ Elektrárna Chvaletice",Sev.en,Elektrárna Chvaletice,100
,,FLO_EMIS,2025,,6614,,EUAF,,FM198,Elektrárna Dětmarovice,"Elektrárna Dětmarovice, a.s.",6614,198,"Elektrárna Dětmarovice, a.s.",Elektrárna Dětmarovice,1,100.0,Elektrárna Dětmarovice,Elektrárna Dětmarovice,1,100.0,2,,,,Elektrárna Dětmarovice,Elektrárna Dětmarovice,True,Elektrárna Dětmarovice,Elektrárna Dětmarovice,True,True,,,,"Elektrárna Dětmarovice, a.s. /314159/ Elektrárna Dětmarovice",Elektrárna Dětmarovice,Elektrárna Dětmarovice,100
,,FLO_EMIS,2025,,5251,,EUAF,,FM199,Elektrárna Hodonín,"ČEZ, a. s.",5251,199,"ČEZ, a. s.",ČEZ,1,100.0,Elektrárna Hodonín,Elektrárna Hodonín,1,100.0,2,,,,Elektrárna Hodonín,Elektrárna Počerady 2,False,ČEZ,ČEZ,True,True,,,,"ČEZ, a. s. /314159/ Elektrárna Hodonín",ČEZ,Elektrárna Hodonín,100
,,FLO_EMIS,2025,,9386,,EUAF,,FM148,ELEKTRÁRNA KLADNO,Alpiq Generation (CZ) s.r.o,9386,148,Alpiq Generation (CZ) s.r.o,Alpiq Generation (CZ),1,100.0,ELEKTRÁRNA KLADNO,Elektrárna Kladno,1,100.0,2,,,,Elektrárna Kladno,Elektrárna Kladno 2,False,Alpiq Generation (CZ),Alpiq Generation (CZ),True,,,,,Alpiq Generation (CZ) s.r.o /314159/ ELEKTRÁRNA KLADNO,Alpiq Generation (CZ),Elektrárna Kladno,100
,,FLO_EMIS,2025,,9509,,EUAF,,FM316,Elektrárna Kolín,"Veolia Energie Kolín, a.s",9509,316,"Veolia Energie Kolín, a.s",Veolia Energie Kolín,1,100.0,Elektrárna Kolín,Elektrárna Kolín,1,100.0,2,,,,Elektrárna Kolín,Elektrárna Kolín,True,Veolia Energie Kolín,Veolia Energie Kolín,True,True,,,,"Veolia Energie Kolín, a.s /314159/ Elektrárna Kolín",Veolia Energie Kolín,Elektrárna Kolín,100
,,FLO_EMIS,2025,,13902,,EUAF,,PU201,Elektrárna Ledvice,"ČEZ, a. s.",13902,201,"ČEZ, a. s.",ČEZ,1,100.0,Elektrárna Ledvice,Elektrárna Ledvice,1,100.0,2,,,,Elektrárna Ledvice,Elektrárna Počerady 2,False,ČEZ,ČEZ,True,True,,,,"ČEZ, a. s. /314159/ Elektrárna Ledvice",ČEZ,Elektrárna Ledvice,100
,,FLO_EMIS,2025,,93465,,EUAF,,FM92,Elektrárna Mělník 1,"Energotrans, a.s.",93465,92,"Energotrans, a.s.",Energotrans,1,100.0,Elektrárna Mělník 1,Elektrárna Mělník 1,1,100.0,2,,,,Elektrárna Mělník 1,Areál Třeboradice,False,Energotrans,Energotrans,True,True,,,,"Energotrans, a.s. /314159/ Elektrárna Mělník 1",Energotrans,Elektrárna Mělník 1,100
,,FLO_EMIS,2025,,17465,,EUAF,,FM202,Elektrárna Mělník,"ČEZ, a. s.",17465,202,"ČEZ, a. s.",ČEZ,1,100.0,Elektrárna Mělník,Elektrárna Mělník 2,1,100.0,2,,,,Elektrárna Mělník 2,Elektrárna Počerady 2,False,ČEZ,ČEZ,True,True,,,,"ČEZ, a. s. /314159/ Elektrárna Mělník",ČEZ,Elektrárna Mělník 2,96
,,FLO_EMIS,2025,,44183,,EUAF,,FM80,Elektrárna Opatovice,"Elektrárny Opatovice, a.s.",44183,80,"Elektrárny Opatovice, a.s.",Elektrárny Opatovice,1,100.0,Elektrárna Opatovice,Elektrárna Opatovice,1,100.0,2,,,,Elektrárna Opatovice,TPA,False,Elektrárny Opatovice,Elektrárny Opatovice,True,True,,,,"Elektrárny Opatovice, a.s. /314159/ Elektrárna Opatovice",Elektrárny Opatovice,Elektrárna Opatovice,100
,,FLO_EMIS,2025,,1344,,EUAF,,FM478,Elektrárna Počerady,"Elektrárna Počerady, a.s.",1344,478,"Elektrárna Počerady, a.s.",Elektrárna Počerady,1,100.0,Elektrárna Počerady,Elektrárna Počerady 2,1,100.0,2,,,,Elektrárna Počerady 2,Elektrárna Počerady,False,Elektrárna Počerady,ČEZ,False,True,,,,"Elektrárna Počerady, a.s. /314159/ Elektrárna Počerady",Elektrárna Počerady,Elektrárna Počerady,100
,,FLO_EMIS,2025,,14760,,EUAF,,FM205,Elektrárna Poříčí,"ČEZ, a. s.",14760,205,"ČEZ, a. s.",ČEZ,1,100.0,Elektrárna Poříčí,Elektrárna Poříčí,1,100.0,2,,,,Elektrárna Poříčí,Elektrárna Počerady 2,False,ČEZ,ČEZ,True,True,,,,"ČEZ, a. s. /314159/ Elektrárna Poříčí",ČEZ,Elektrárna Poříčí,100
,,FLO_EMIS,2025,,11744,,EUAF,,FM206,Elektrárny Prunéřov,"ČEZ, a. s.",11744,206,"ČEZ, a. s.",ČEZ,1,100.0,Elektrárny Prunéřov,Elektrárna Prunéřov 1,1,89.0,2,,,,Elektrárna Prunéřov 1,Elektrárna Počerady 2,False,ČEZ,ČEZ,True,True,,,,"ČEZ, a. s. /314159/ Elektrárny Prunéřov",ČEZ,Elektrárna Prunéřov 1,90
,,FLO_EMIS,2025,,8287,,EUAF,,FM208,Elektrárna Tisová,"Elektrárna Tisová, a.s.",8287,208,"Elektrárna Tisová, a.s.",Elektrárna Tisová,1,100.0,Elektrárna Tisová,Elektrárna Tisová,1,100.0,2,,,,Elektrárna Tisová,Elektrárna Tisová,True,Elektrárna Tisová,Elektrárna Tisová,True,True,,,,"Elektrárna Tisová, a.s. /314159/ Elektrárna Tisová",Elektrárna Tisová,Elektrárna Tisová,100
,,FLO_EMIS,2025,,39048,,EUAF,,FM317,Elektrárna Třebovice,"Veolia Energie ČR, a.s",39048,317,"Veolia Energie ČR, a.s",Veolia Energie ČR,1,100.0,Elektrárna Třebovice,Elektrárna Třebovice,1,100.0,2,,,,Elektrárna Třebovice,Výtopna Anenská,False,Veolia Energie ČR,Veolia Energie ČR,True,True,,,,"Veolia Energie ČR, a.s /314159/ Elektrárna Třebovice",Veolia Energie ČR,Elektrárna Třebovice,100
,,FLO_EMIS,2025,,5888,,EUAF,,FM209,Elektrárny Tušimice,"ČEZ, a. s.",5888,209,"ČEZ, a. s.",ČEZ,1,100.0,Elektrárny Tušimice,Elektrárna Tušimice 2,1,89.0,2,,,,Elektrárna Tušimice 2,Elektrárna Počerady 2,False,ČEZ,ČEZ,True,True,,,,"ČEZ, a. s. /314159/ Elektrárny Tušimice",ČEZ,Elektrárna Tušimice 2,91
,,FLO_EMIS,2025,,2347,,EUAF,,IPP150,"EMBA, spol. s r.o.","EMBA, spol. s r.o.",2347,150,"EMBA, spol. s r.o.",EMBA,1,100.0,"EMBA, spol. s r.o.",EMBA,1,100.0,2,,,,EMBA,EMBA,True,EMBA,EMBA,True,True,,,,"EMBA, spol. s r.o. /314159/ EMBA, spol. s r.o.",EMBA,EMBA,100
,,FLO_EMIS,2025,,49594,,EUAF,,FM101,Provozy Teplárny a Tepelná energetika,"ENERGETIKA TŘINEC, a.s.",49594,101,"ENERGETIKA TŘINEC, a.s.",ENERGETIKA TŘINEC,1,100.0,Provozy Teplárny a Tepelná energetika,ENERGETIKA TŘINEC,1,74.0,2,,,,ENERGETIKA TŘINEC,ENERGETIKA TŘINEC,True,ENERGETIKA TŘINEC,ENERGETIKA TŘINEC,True,True,,,,"ENERGETIKA TŘINEC, a.s. /314159/ Provozy Teplárny a Tepelná energetika",ENERGETIKA TŘINEC,ENERGETIKA TŘINEC,100
,,FLO_EMIS,2025,,10448,,EUAF,,,ENERGETIKA,"Plzeňská teplárenská, a. s.",10448,,,,1,100.0,ENERGETIKA,ENERGETIKA TŘINEC,1,100.0,2,,,,ENERGETIKA TŘINEC,Plzeňská teplárenská,False,0,ENERGETIKA TŘINEC,False,,,,,"Plzeňská teplárenská, a. s. /314159/ ENERGETIKA",Plzeňská energetika,Plzeňská energetika,100
,,FLO_EMIS,2025,,2451,,EUAF,,FM96,"ENERGOAQUA, a.s. - výtopna","ENERGOAQUA, a.s.",2451,96,"ENERGOAQUA, a.s.",ENERGOAQUA,1,100.0,"ENERGOAQUA, a.s. - výtopna",ENERGOAQUA,1,100.0,2,,,,ENERGOAQUA,ENERGOAQUA,True,ENERGOAQUA,ENERGOAQUA,True,True,,,,"ENERGOAQUA, a.s. /314159/ ENERGOAQUA, a.s. - výtopna",ENERGOAQUA,ENERGOAQUA,100
,,FLO_EMIS,2025,,23675,,EUAF,,FM283,"ENERGY Ústí nad Labem, a.s.","ENERGY Ústí nad Labem, a.s.",23675,283,"ENERGY Ústí nad Labem, a.s.",ENERGY Ústí nad Labem,1,100.0,"ENERGY Ústí nad Labem, a.s.",ENERGY Ústí nad Labem,1,100.0,2,,,,ENERGY Ústí nad Labem,ENERGY Ústí nad Labem,True,ENERGY Ústí nad Labem,ENERGY Ústí nad Labem,True,True,,,,"ENERGY Ústí nad Labem, a.s. /314159/ ENERGY Ústí nad Labem, a.s.",ENERGY Ústí nad Labem,ENERGY Ústí nad Labem,100
,,FLO_EMIS,2025,,24277,,EUAF,,ICH234,Ethanol Energy,Ethanol Energy a.s.,24277,234,Ethanol Energy a.s.,Ethanol Energy,1,100.0,Ethanol Energy,Ethanol Energy,1,100.0,2,,,,Ethanol Energy,Ethanol Energy,True,Ethanol Energy,Ethanol Energy,True,True,,,,Ethanol Energy a.s. /314159/ Ethanol Energy,Ethanol Energy,Ethanol Energy,100
,,FLO_EMIS,2025,,2764,,EUAF,,FM420,Fakultní nemocnice Brno,Fakultní nemocnice Brno,2764,420,Fakultní nemocnice Brno,FN Brno,1,73.0,Fakultní nemocnice Brno,FN Brno,1,87.0,2,,,,FN Brno,FN Brno,False,FN Brno,Veolia Energie ČR,False,True,,,,Fakultní nemocnice Brno /314159/ Fakultní nemocnice Brno,Veolia Energie ČR,Provozovna Fakultní nemocnice,91
,,FLO_EMIS,2025,,2936,,EUAF,,HP382,Centrální kotelna FN v Motole,Fakultní nemocnice v Motole,2936,382,Fakultní nemocnice v Motole,FN Motol,1,,Centrální kotelna FN v Motole,FN Motol,1,,2,"Could be ""Veolia Energie ČR"" -  ""Provozovna Fakultní nemocnice""",Provozovna Fakultní nemocnice,,FN Motol,Výtopna Anenská,False,FN Motol,1,True,True,,,,Fakultní nemocnice v Motole /314159/ Centrální kotelna FN v Motole,FN Brno,FN Brno,78
,,FLO_EMIS,2025,,11944,,EUAF,,CHPICHFM307,Fosfa a.s.,Fosfa a.s.,11944,307,Fosfa a.s.,Fosfa,1,100.0,Fosfa a.s.,Fosfa,1,100.0,2,,,,Fosfa,Fosfa,True,Fosfa,Fosfa,True,True,,,,Fosfa a.s. /314159/ Fosfa a.s.,Fosfa,Fosfa,100
,,FLO_EMIS,2025,,10156,,EUAF,,IGL32,Glazura s.r.o.,Glazura s.r.o.,10156,32,Glazura s.r.o.,Glazura,1,100.0,Glazura s.r.o.,Glazura,1,100.0,2,,,,Glazura,Glazura,True,Glazura,Glazura,True,True,,,,Glazura s.r.o. /314159/ Glazura s.r.o.,Glazura,Glazura,100
,,FLO_EMIS,2025,,8635,,EUAF,,IFT398,Hanácká potravinářská společnost s.r.o .- Cukrovar Prosenice,Hanácká potravinářská společnost s.r.o.,8635,398,Hanácká potravinářská společnost s.r.o.,Hanácká potravinářská společnost,1,100.0,Hanácká potravinářská společnost s.r.o .- Cukrovar Prosenice,Hanácká potravinářská společnost,1,100.0,2,,,,Hanácká potravinářská společnost,Hanácká potravinářská společnost,True,Hanácká potravinářská společnost,Hanácká potravinářská společnost,True,True,,,,Hanácká potravinářská společnost s.r.o. /314159/ Hanácká potravinářská společnost s.r.o .- Cukrovar Prosenice,Hanácká potravinářská společnost,Hanácká potravinářská společnost,100
,,FLO_EMIS,2025,,21674,,EUAF,,ILM175,hasit,"HASIT Šumavské vápenice a omítkárny, s.r.o.",21674,175,"HASIT Šumavské vápenice a omítkárny, s.r.o.",HASIT Šumavské vápenice a omítkárny,1,100.0,hasit,HASIT Šumavské vápenice a omítkárny,1,100.0,2,,,,HASIT Šumavské vápenice a omítkárny,HASIT Šumavské vápenice a omítkárny,True,HASIT Šumavské vápenice a omítkárny,HASIT Šumavské vápenice a omítkárny,True,True,,,,"HASIT Šumavské vápenice a omítkárny, s.r.o. /314159/ hasit",HASIT Šumavské vápenice a omítkárny,HASIT Šumavské vápenice a omítkárny,100
,,FLO_EMIS,2025,,17142,,EUAF,,ICR17,Wienerberger s.r.o. - závod Holice,Wienerberger s.r.o.,17142,17,Wienerberger s.r.o.,Wienerberger cihlářský průmysl,1,80.0,Wienerberger s.r.o. - závod Holice,Holice,1,100.0,2,,,,Holice,Holice,True,Wienerberger cihlářský průmysl,Wienerberger cihlářský průmysl,True,True,,,,Wienerberger s.r.o. /314159/ Wienerberger s.r.o. - závod Holice,Wienerberger cihlářský průmysl,Holice,83
,,FLO_EMIS,2025,,8320,,EUAF,,ICR122,Wienerberger s.r.o. - závod Hranice,Wienerberger s.r.o.,8320,122,Wienerberger s.r.o.,TONDACH ČR,1,80.0,Wienerberger s.r.o. - závod Hranice,Hranice,1,100.0,2,,,,Hranice,Šlapanice,False,TONDACH ČR,TONDACH ČR,True,True,,,,Wienerberger s.r.o. /314159/ Wienerberger s.r.o. - závod Hranice,Cement Hranice,Cement Hranice,80
,,FLO_EMIS,2025,,19649,,EUAF,,ICH7,Paramo a.s. HS Kolín,Paramo a.s.,19649,7,Paramo a.s.,PARAMO,1,100.0,Paramo a.s. HS Kolín,HS Kolín,1,100.0,2,,,,HS Kolín,HS Kolín,True,PARAMO,PARAMO,True,True,,,,Paramo a.s. /314159/ Paramo a.s. HS Kolín,PARAMO,HS Kolín,100
,,FLO_EMIS,2025,,15951,,EUAF,,ICH6,"PARAMO, a.s. HS Pardubice","PARAMO, a.s.",15951,6,"PARAMO, a.s.",PARAMO,1,100.0,"PARAMO, a.s. HS Pardubice",HS Pardubice,1,100.0,2,,,,HS Pardubice,HS Kolín,False,PARAMO,PARAMO,True,True,,,,"PARAMO, a.s. /314159/ PARAMO, a.s. HS Pardubice",PARAMO,HS Pardubice,100
,,FLO_EMIS,2025,,2329,,EUAF,,IPP71,"Huhtamaki Česká republika, a.s","Huhtamaki Česká republika, a.s",2329,71,"Huhtamaki Česká republika, a.s",Huhtamaki ČR,1,86.0,"Huhtamaki Česká republika, a.s",Huhtamaki ČR,1,86.0,2,,,,Huhtamaki ČR,Huhtamaki ČR,True,Huhtamaki ČR,Huhtamaki ČR,True,True,,,,"Huhtamaki Česká republika, a.s /314159/ Huhtamaki Česká republika, a.s",Huhtamaki ČR,Huhtamaki ČR,91
,,FLO_EMIS,2025,,8612,,EUAF,,IMACH476,Hyundai Motor Manufacturing Czech s.r.o.,Hyundai Motor Manufacturing Czech s.r.o.,8612,476,Hyundai Motor Manufacturing Czech s.r.o.,Hyundai Motor Manufacturing Czech,1,100.0,Hyundai Motor Manufacturing Czech s.r.o.,Hyundai Motor Manufacturing Czech,1,100.0,2,,,,Hyundai Motor Manufacturing Czech,Hyundai Motor Manufacturing Czech,True,Hyundai Motor Manufacturing Czech,Hyundai Motor Manufacturing Czech,True,True,,,,Hyundai Motor Manufacturing Czech s.r.o. /314159/ Hyundai Motor Manufacturing Czech s.r.o.,Hyundai Motor Manufacturing Czech,Hyundai Motor Manufacturing Czech,100
,,FLO_EMIS,2025,,1747,,EUAF,,FM142,Parní kotelna,KLATOVSKÁ TEPLÁRNA a.s.,1747,142,KLATOVSKÁ TEPLÁRNA a.s.,KLATOVSKÁ TEPLÁRNA,1,100.0,Parní kotelna,KLATOVSKÁ TEPLÁRNA,1,,2,,,,KLATOVSKÁ TEPLÁRNA,KLATOVSKÁ TEPLÁRNA,True,KLATOVSKÁ TEPLÁRNA,KLATOVSKÁ TEPLÁRNA,True,True,,,,KLATOVSKÁ TEPLÁRNA a.s. /314159/ Parní kotelna,KLATOVSKÁ TEPLÁRNA,KLATOVSKÁ TEPLÁRNA,100
,,FLO_EMIS,2025,,17249,,EUAF,,IGL423,Knauf Insulation spol. s r.o.,Knauf Insulation spol s r.o.,17249,423,Knauf Insulation spol s r.o.,Knauf Insulation,1,100.0,Knauf Insulation spol. s r.o.,Knauf Insulation,1,100.0,2,,,,Knauf Insulation,Knauf Insulation,True,Knauf Insulation,Knauf Insulation,True,True,,,,Knauf Insulation spol s r.o. /314159/ Knauf Insulation spol. s r.o.,Knauf Insulation,Knauf Insulation,100
,,FLO_EMIS,2025,,134097,,EUAF,,IIS117,"OKK Koksovny, a.s. - provoz Koksovna Svoboda","OKK Koksovny, a.s.",134097,117,"OKK Koksovny, a.s.",OKK Koksovny,1,100.0,"OKK Koksovny, a.s. - provoz Koksovna Svoboda",Koksovna Svoboda,1,100.0,2,,,,Koksovna Svoboda,Koksovna Svoboda,True,OKK Koksovny,OKK Koksovny,True,True,,,,"OKK Koksovny, a.s. /314159/ OKK Koksovny, a.s. - provoz Koksovna Svoboda",OKK Koksovny,Koksovna Svoboda,100
,,FLO_EMIS,2025,,5225,,EUAF,,FM350,"KOMTERM Morava, s.r.o.","KOMTERM Morava, s.r.o.",5225,350,"KOMTERM Morava, s.r.o.",KOMTERM Morava (opr),1,89.0,"KOMTERM Morava, s.r.o.",KOMTERM Morava (opr),1,89.0,2,,,,KOMTERM Morava (opr),KOMTERM Morava (opr),True,KOMTERM Morava (opr),KOMTERM Morava (opr),True,True,,,,"KOMTERM Morava, s.r.o. /314159/ KOMTERM Morava, s.r.o.",KOMTERM Morava (opr),KOMTERM Morava (opr),92
,,FLO_EMIS,2025,,1,,EUAF,,FM263,Kotelna K13,TTS enego s.r.o.,1,263,TTS enego s.r.o.,TTS energo,1,72.0,Kotelna K13,Kotelna K13,1,100.0,2,,,,Kotelna K13,Kotelna K13,True,TTS energo,TTS energo,True,True,,,,TTS enego s.r.o. /314159/ Kotelna K13,TTS energo,Kotelna K13,89
,,FLO_EMIS,2025,,950,,EUAF,,,Kotelna a kogenerace ÚVN Praha,Ústřední vojenská nemocnice - Vojenská fakultní nemocnice Praha,950,,Ústřední vojenská nemocnice - Vojenská fakultní nemocnice Praha,Letiště Praha,0,56.0,Kotelna a kogenerace ÚVN Praha,Kotelna Z1,0,82.0,0,"Could be ""Veolia Energie ČR"" -  ""Provozovna Fakultní nemocnice""",,,Kotelna Z1,Výtopna Sever,False,Letiště Praha,IROMEZ,False,True,,,,Ústřední vojenská nemocnice - Vojenská fakultní nemocnice Praha /314159/ Kotelna a kogenerace ÚVN Praha,CTZ,CTZ,75
,,FLO_EMIS,2025,,1516,,EUAF,,FM387,"IROMEZ, Kotelna Z2",IROMEZ s.r.o.,1516,387,IROMEZ s.r.o.,IROMEZ,1,100.0,"IROMEZ, Kotelna Z2",Kotelna Z2,1,100.0,2,,,,Kotelna Z2,Kotelna Z2,True,IROMEZ,IROMEZ,True,True,,,,"IROMEZ s.r.o. /314159/ IROMEZ, Kotelna Z2",IROMEZ,Kotelna Z2,100
,,FLO_EMIS,2025,,2036,,EUAF,,FM313,Kotelna ŽOS Nymburk,Thermoservis spol. s r.o.,2036,313,Thermoservis spol. s r.o.,Thermoservis,1,100.0,Kotelna ŽOS Nymburk,Kotelna ŽOS Nymburk,1,100.0,2,,,,Kotelna ŽOS Nymburk,Kotelna CZT Nymburk,False,Thermoservis,Thermoservis,True,True,,,,Thermoservis spol. s r.o. /314159/ Kotelna ŽOS Nymburk,Thermoservis,Kotelna ŽOS Nymburk,100
,,FLO_EMIS,2025,,85648,,EUAF,,ILM218,Šachtové vápenické pece typu Ignis,"LB Cemix, s.r.o., výrobní závod Kotouč Štramberk",85648,218,"LB Cemix, s.r.o., výrobní závod Kotouč Štramberk",KOTOUČ ŠTRAMBERK,1,100.0,Šachtové vápenické pece typu Ignis,KOTOUČ ŠTRAMBERK,1,50.0,2,,,,KOTOUČ ŠTRAMBERK,KOTOUČ ŠTRAMBERK,True,KOTOUČ ŠTRAMBERK,KOTOUČ ŠTRAMBERK,True,True,,,,"LB Cemix, s.r.o., výrobní závod Kotouč Štramberk /314159/ Šachtové vápenické pece typu Ignis",KOTOUČ ŠTRAMBERK,KOTOUČ ŠTRAMBERK,100
,,FLO_EMIS,2025,,116660,,EUAF,,IW174,KRONOSPAN – Výroba aglomerovaných materiálů na bázi dřeva,"KRONOSPAN CR, spol. s r.o.",116660,174,"KRONOSPAN CR, spol. s r.o.",KRONOSPAN,1,100.0,KRONOSPAN – Výroba aglomerovaných materiálů na bázi dřeva,KRONOSPAN,1,100.0,2,,,,KRONOSPAN,KRONOSPAN,True,KRONOSPAN,KRONOSPAN,True,True,,,,"KRONOSPAN CR, spol. s r.o. /314159/ KRONOSPAN – Výroba aglomerovaných materiálů na bázi dřeva",KRONOSPAN,KRONOSPAN,100
,,FLO_EMIS,2025,,10782,,EUAF,,CHPIPP90,Závodní elektrárna,"KRPA PAPER, a.s.",10782,90,"KRPA PAPER, a.s.",KRPA PAPER,1,100.0,Závodní elektrárna,KRPA PAPER,1,,2,,,,KRPA PAPER,KRPA PAPER,True,KRPA PAPER,KRPA PAPER,True,True,,,,"KRPA PAPER, a.s. /314159/ Závodní elektrárna",KRPA PAPER,KRPA PAPER,100
,,FLO_EMIS,2025,,5786,,EUAF,,SPIPGAS59,Kompresní stanice Břeclav,"NET4GAS,s.r.o.",5786,59,"NET4GAS,s.r.o.",NET4GAS,1,100.0,Kompresní stanice Břeclav,KS Břeclav,1,82.0,2,,,,KS Břeclav,KS Veselí n.L.,False,NET4GAS,NET4GAS,True,True,,,,"NET4GAS,s.r.o. /314159/ Kompresní stanice Břeclav",NET4GAS,KS Břeclav,94
,,FLO_EMIS,2025,,1649,,EUAF,,SPIPGAS57,Kompresní stanice Kouřim,"NET4GAS,s.r.o.",1649,57,"NET4GAS,s.r.o.",NET4GAS,1,100.0,Kompresní stanice Kouřim,KS Kouřim,1,80.0,2,,,,KS Kouřim,KS Veselí n.L.,False,NET4GAS,NET4GAS,True,True,,,,"NET4GAS,s.r.o. /314159/ Kompresní stanice Kouřim",NET4GAS,KS Kouřim,93
,,FLO_EMIS,2025,,1029,,EUAF,,SPIPGAS56,Kompresní stanice Kralice nad Oslavou,"NET4GAS,s.r.o.",1029,56,"NET4GAS,s.r.o.",NET4GAS,1,100.0,Kompresní stanice Kralice nad Oslavou,KS Kralice n.O.,1,67.0,2,,,,KS Kralice n.O.,KS Veselí n.L.,False,NET4GAS,NET4GAS,True,True,,,,"NET4GAS,s.r.o. /314159/ Kompresní stanice Kralice nad Oslavou",NET4GAS,KS Kralice n.O.,91
,,FLO_EMIS,2025,,184,,EUAF,,SPIPGAS61,Kompresní stanice Veselí,"NET4GAS,s.r.o.",184,61,"NET4GAS,s.r.o.",NET4GAS,1,100.0,Kompresní stanice Veselí,KS Veselí n.L.,1,59.0,2,,,,KS Veselí n.L.,KS Veselí n.L.,True,NET4GAS,NET4GAS,True,True,,,,"NET4GAS,s.r.o. /314159/ Kompresní stanice Veselí",NET4GAS,KS Veselí n.L.,85
,,FLO_EMIS,2025,,341689,,EUAF,,ICM193,"Lafarge Cement, a.s.","Lafarge Cement, a.s.",341689,193,"Lafarge Cement, a.s.",Lafarge Cement,1,100.0,"Lafarge Cement, a.s.",Lafarge Cement,1,100.0,2,,,,Lafarge Cement,Lafarge Cement,True,Lafarge Cement,Lafarge Cement,True,True,,,,"Lafarge Cement, a.s. /314159/ Lafarge Cement, a.s.",Lafarge Cement,Lafarge Cement,100
,,FLO_EMIS,2025,,12825,,EUAF,,ICR233,"Laufen CZ s.r.o., provozovna Bechyně",LAUFEN CZ s.r.o.,12825,233,LAUFEN CZ s.r.o.,LAUFEN CZ,1,100.0,"Laufen CZ s.r.o., provozovna Bechyně",LAUFEN CZ,1,100.0,2,,,,LAUFEN CZ,LAUFEN CZ,True,LAUFEN CZ,LAUFEN CZ,True,True,,,,"LAUFEN CZ s.r.o. /314159/ Laufen CZ s.r.o., provozovna Bechyně",LAUFEN CZ,LAUFEN CZ,100
,,FLO_EMIS,2025,,15298,,EUAF,,ICR413,LIAPOR,"Lias Vintířov, lehký stavební materiál k.s.",15298,413,"Lias Vintířov, lehký stavební materiál k.s.",Lias Vintířov,1,100.0,LIAPOR,LIAPOR,1,100.0,2,,,,LIAPOR,LIAPOR,True,Lias Vintířov,Lias Vintířov,True,True,,,,"Lias Vintířov, lehký stavební materiál k.s. /314159/ LIAPOR",Lias Vintířov,LIAPOR,100
,,FLO_EMIS,2025,,5566,,EUAF,,IFT247,Cukrovar Litovel,"Litovelská cukrovarna, a.s.",5566,247,"Litovelská cukrovarna, a.s.",Litovelská cukrovarna (opr),1,91.0,Cukrovar Litovel,Litovelská cukrovarna (opr),1,,2,,,,Litovelská cukrovarna (opr),Litovelská cukrovarna (opr),True,Litovelská cukrovarna (opr),Litovelská cukrovarna (opr),True,True,,,,"Litovelská cukrovarna, a.s. /314159/ Cukrovar Litovel",Litovelská cukrovarna (opr),Litovelská cukrovarna (opr),93
,,FLO_EMIS,2025,,94191,,EUAF,,ICH181,Lovochemie I.,"Lovochemie, a.s.",94191,181,"Lovochemie, a.s.",Lovochemie,1,100.0,Lovochemie I.,Lovochemie I,1,100.0,2,,,,Lovochemie I,Lovochemie II,False,Lovochemie,Lovochemie,True,True,,,,"Lovochemie, a.s. /314159/ Lovochemie I.",Lovochemie,Lovochemie I,100
,,FLO_EMIS,2025,,67804,,EUAF,,ICH182,Lovochemie II.,Lovochemie II.,67804,182,Lovochemie II.,Lovochemie,1,100.0,Lovochemie II.,Lovochemie II,1,100.0,2,,,,Lovochemie II,Lovochemie II,True,Lovochemie,Lovochemie,True,True,,,,Lovochemie II. /314159/ Lovochemie II.,Lovochemie,Lovochemie II,100
,,FLO_EMIS,2025,,839,,EUAF,,IGL437,Mefrit spol. s r.o.,Mefrit spol. s r.o.,839,437,Mefrit spol. s r.o.,Mefrit,1,100.0,Mefrit spol. s r.o.,Mefrit,1,100.0,2,,,,Mefrit,Mefrit,True,Mefrit,Mefrit,True,True,,,,Mefrit spol. s r.o. /314159/ Mefrit spol. s r.o.,Mefrit,Mefrit,100
,,FLO_EMIS,2025,,26,,EUAF,,HP320,Mobilní kotelna Jižní Město,"Veolia Energie ČR, a.s",26,320,"Veolia Energie ČR, a.s",Veolia Energie ČR,1,100.0,Mobilní kotelna Jižní Město,Mobilní kotelna Jižní Město,1,100.0,2,,,,Mobilní kotelna Jižní Město,Výtopna Anenská,False,Veolia Energie ČR,Veolia Energie ČR,True,True,,,,"Veolia Energie ČR, a.s /314159/ Mobilní kotelna Jižní Město",Veolia Energie ČR,Mobilní kotelna Jižní Město,100
,,FLO_EMIS,2025,,154705,,EUAF,,CHPIPPFM147,Mondi Štětí a.s.,Mondi Štětí a.s.,154705,147,Mondi Štětí a.s.,Mondi Štětí (opr MŽP),1,83.0,Mondi Štětí a.s.,Mondi Štětí (opr MŽP),1,83.0,2,,,,Mondi Štětí (opr MŽP),Mondi Štětí (opr MŽP),True,Mondi Štětí (opr MŽP),Mondi Štětí (opr MŽP),True,True,,,,Mondi Štětí a.s. /314159/ Mondi Štětí a.s.,Mondi Štětí (opr MŽP),Mondi Štětí (opr MŽP),89
,,FLO_EMIS,2025,,4325,,EUAF,,FM164,Teplárna MS UTILITIES & SERVICES a.s.,MS UTILITIES & SERVICES a.s.,4325,164,MS UTILITIES & SERVICES a.s.,MS UTILITIES & SERVICES,1,100.0,Teplárna MS UTILITIES & SERVICES a.s.,MS UTILITIES & SERVICES,1,100.0,2,,,,MS UTILITIES & SERVICES,MS UTILITIES & SERVICES,True,MS UTILITIES & SERVICES,MS UTILITIES & SERVICES,True,True,,,,MS UTILITIES & SERVICES a.s. /314159/ Teplárna MS UTILITIES & SERVICES a.s.,MS UTILITIES & SERVICES,MS UTILITIES & SERVICES,100
,,FLO_EMIS,2025,,35763,,EUAF,,IGL358,závod Nové Sedlo,"O-I Czech Republic, a.s.",35763,358,"O-I Czech Republic, a.s.",O-I Manufacturing Czech Rep.,1,,závod Nové Sedlo,Nové Sedlo,1,100.0,2,,,,Nové Sedlo,Nové Sedlo,True,O-I Manufacturing Czech Rep.,O-I Manufacturing Czech Rep.,True,True,,,,"O-I Czech Republic, a.s. /314159/ závod Nové Sedlo",Iveco Czech Republic,Iveco Czech Republic,88
,,FLO_EMIS,2025,,20299,,EUAF,,FM284,"Teplárna České Budějovice, a.s.","Teplárna České Budějovice, a. s. - Novohradská ulice",20299,284,"Teplárna České Budějovice, a. s. - Novohradská ulice",Teplárna České Budějovice,1,100.0,"Teplárna České Budějovice, a.s.",Novohradská ul.,1,,2,,,,Novohradská ul.,Výtopna Vráto,False,Teplárna České Budějovice,Teplárna České Budějovice,True,True,,,,"Teplárna České Budějovice, a. s. - Novohradská ulice /314159/ Teplárna České Budějovice, a.s.",Teplárna České Budějovice,Novohradská ul.,96
,,FLO_EMIS,2025,,20894,,EUAF,,ICR12,Wienerberger s.r.o. - závod Novosedly,Wienerberger s.r.o.,20894,12,Wienerberger s.r.o.,Wienerberger cihlářský průmysl,1,80.0,Wienerberger s.r.o. - závod Novosedly,Novosedly,1,100.0,2,,,,Novosedly,Holice,False,Wienerberger cihlářský průmysl,Wienerberger cihlářský průmysl,True,True,,,,Wienerberger s.r.o. /314159/ Wienerberger s.r.o. - závod Novosedly,Wienerberger cihlářský průmysl,Novosedly,84
,,FLO_EMIS,2025,,2980,,EUAF,,,"Ostrovská teplárenská, a.s.","Ostrovská teplárenská, a. s.",2980,228,"Ostrovská teplárenská, a. s.",Ostrovská teplárenská,1,100.0,"Ostrovská teplárenská, a.s.",Ostrovská teplárenská,1,100.0,2,,,,Ostrovská teplárenská,Ostrovská teplárenská,True,Ostrovská teplárenská,Ostrovská teplárenská,True,True,,,,"Ostrovská teplárenská, a. s. /314159/ Ostrovská teplárenská, a.s.",Ostrovská teplárenská,Ostrovská teplárenská,100
,,FLO_EMIS,2025,,1099,,EUAF,,IPP245,Výroba papíru,"Papírny APIS, s.r.o",1099,245,"Papírny APIS, s.r.o",Papírna Aloisov,0,65.0,Výroba papíru,Papírna Aloisov,0,62.0,0,,,,Papírna Aloisov,Papírna Aloisov,False,Papírna Aloisov,SYNTHOS Kralupy,False,True,,,,"Papírny APIS, s.r.o /314159/ Výroba papíru",POLDI s.r.o.,POLDI s.r.o.,80
,,FLO_EMIS,2025,,3118,,EUAF,,IPP245,Papírna Aloisov a.s.,Papírna Aloisov a.s.,3118,245,Papírna Aloisov a.s.,Papírna Aloisov,1,100.0,Papírna Aloisov a.s.,Papírna Aloisov,1,100.0,2,,,,Papírna Aloisov,Papírna Aloisov,True,Papírna Aloisov,Papírna Aloisov,True,True,,,,Papírna Aloisov a.s. /314159/ Papírna Aloisov a.s.,Papírna Aloisov,Papírna Aloisov,100
,,FLO_EMIS,2025,,7712,,EUAF,,IPP185,"JIP - Papírny Větřní, a.s.","JIP - Papírny Větřní, a.s.",7712,185,"JIP - Papírny Větřní, a.s.",JIP,1,100.0,"JIP - Papírny Větřní, a.s.",Papírny Větřní - Kotelna a PS 6,1,,2,,,,Papírny Větřní - Kotelna a PS 6,Papírny Větřní - Kotelna a PS 6,True,JIP,JIP,True,True,,,,"JIP - Papírny Větřní, a.s. /314159/ JIP - Papírny Větřní, a.s.",JIP,Papírny Větřní - Kotelna a PS 6,96
,,FLO_EMIS,2025,,3645,,EUAF,,IPP345,Papírenský stroj PS3,PAPOS Trade s.r.o.,3645,345,PAPOS Trade s.r.o.,PAPOS Trade,1,100.0,Papírenský stroj PS3,PAPOS Trade,1,48.0,2,,,,PAPOS Trade,PAPOS Trade,True,PAPOS Trade,PAPOS Trade,True,True,,,,PAPOS Trade s.r.o. /314159/ Papírenský stroj PS3,PAPOS Trade,PAPOS Trade,100
,,FLO_EMIS,2025,,550351,,EUAF,,ICH400,PETROCHEMIE,"UNIPETROL RPA, s.r.o.",550351,400,"UNIPETROL RPA, s.r.o.",UNIPETROL RPA,1,100.0,PETROCHEMIE,PETROCHEMIE,1,100.0,2,,,,PETROCHEMIE,PETROCHEMIE,True,UNIPETROL RPA,UNIPETROL RPA,True,True,,,,"UNIPETROL RPA, s.r.o. /314159/ PETROCHEMIE",UNIPETROL RPA,PETROCHEMIE,100
,,FLO_EMIS,2025,,21510,,EUAF,,IIS145,PILSEN STEEL s.r.o.,PILSEN STEEL s.r.o.,21510,145,PILSEN STEEL s.r.o.,PILSEN STEEL,1,100.0,PILSEN STEEL s.r.o.,PILSEN STEEL,1,100.0,2,,,,PILSEN STEEL,PILSEN STEEL,True,PILSEN STEEL,PILSEN STEEL,True,True,,,,PILSEN STEEL s.r.o. /314159/ PILSEN STEEL s.r.o.,PILSEN STEEL,PILSEN STEEL,100
,,FLO_EMIS,2025,,4994,,EUAF,,IFT45,"Plzeňský Prazdroj, a.s.","Plzeňský Prazdroj, a.s.",4994,45,"Plzeňský Prazdroj, a.s.",Plzeňský prazdroj,1,100.0,"Plzeňský Prazdroj, a.s.",Pivovar Prazdroj,1,,2,"Installation either ""Pivovar Radegast Nošovice"" or ""Pivovar Prazdroj""",Pivovar Prazdroj,,Pivovar Prazdroj,Pivovar Prazdroj,True,Plzeňský prazdroj,Plzeňský prazdroj,True,True,,,,"Plzeňský Prazdroj, a.s. /314159/ Plzeňský Prazdroj, a.s.",Plzeňský prazdroj,Pivovar Radegast Nošovice,92
,,FLO_EMIS,2025,,14793,,EUAF,,IFT22,"Plzeňský Prazdroj, a.s.","Plzeňský Prazdroj, a.s.",14793,22,"Plzeňský Prazdroj, a.s.",Plzeňský prazdroj,1,100.0,"Plzeňský Prazdroj, a.s.",Pivovar Radegast Nošovice,1,,2,"Installation either ""Pivovar Radegast Nošovice"" or ""Pivovar Prazdroj""",Pivovar Radegast Nošovice,,Pivovar Radegast Nošovice,Pivovar Prazdroj,False,Plzeňský prazdroj,Plzeňský prazdroj,True,True,,,,"Plzeňský Prazdroj, a.s. /314159/ Plzeňský Prazdroj, a.s.",Plzeňský prazdroj,Pivovar Radegast Nošovice,92
,,FLO_EMIS,2025,,2933,,EUAF,,HP483,Plynová kotelna v ELE,"ČEZ Teplárenská, a.s.",2933,483,"ČEZ Teplárenská, a.s.",ČEZ,1,100.0,Plynová kotelna v ELE,Plynová kotelna v ELE,1,100.0,2,,,,Plynová kotelna v ELE,Elektrárna Počerady 2,False,ČEZ,ČEZ Teplárenská,False,True,,,,"ČEZ Teplárenská, a.s. /314159/ Plynová kotelna v ELE",ČEZ Teplárenská,Plynová kotelna v ELE,100
,,FLO_EMIS,2025,,1017,,EUAF,,ICH249,Plynová kotelna VS 107,Semperflex Optimit s.r.o.,1017,249,Semperflex Optimit s.r.o.,Semperflex Optimit,1,100.0,Plynová kotelna VS 107,Semperflex Optimit,1,83.0,2,,,,Semperflex Optimit,Semperflex Optimit,False,Semperflex Optimit,ČEZ Teplárenská,False,True,,,,Semperflex Optimit s.r.o. /314159/ Plynová kotelna VS 107,Semperflex Optimit,Semperflex Optimit,100
,,FLO_EMIS,2025,,3517,,EUAF,,,Plynová kotelna,Trelleborg Wheel Systems Czech Republic a.s.,3517,,Trelleborg Wheel Systems Czech Republic a.s.,Iveco Czech Republic,0,82.0,Plynová kotelna,Plynová kotelna v ELE,1,,1,,,,Plynová kotelna v ELE,Iveco Czech Republic,False,Iveco Czech Republic,ČEZ Teplárenská,False,True,,,,Trelleborg Wheel Systems Czech Republic a.s. /314159/ Plynová kotelna,Iveco Czech Republic,Iveco Czech Republic,88
,,FLO_EMIS,2025,,25924,,EUAF,,FM121,Teplárna,Plzeňská teplárenská a.s.,25924,121,Plzeňská teplárenská a.s.,Plzeňská teplárenská,1,100.0,Teplárna,Plzeňská teplárenská,1,100.0,2,,,,Plzeňská teplárenská,Plzeňská teplárenská,False,Plzeňská teplárenská,Apliq Generation (CZ),False,True,,,,Plzeňská teplárenská a.s. /314159/ Teplárna,Plzeňská teplárenská,Plzeňská teplárenská,100
,,FLO_EMIS,2025,,5588,,EUAF,,,"Pittsburgh Corning CR, s.r.o.","Pittsburgh Corning CR, s.r.o.",5588,,"Pittsburgh Corning CR, s.r.o.",POLDI s.r.o.,0,62.0,"Pittsburgh Corning CR, s.r.o.",POLDI s.r.o.,0,62.0,0,,,,POLDI s.r.o.,POLDI s.r.o.,True,POLDI s.r.o.,POLDI s.r.o.,True,True,,,,"Pittsburgh Corning CR, s.r.o. /314159/ Pittsburgh Corning CR, s.r.o.",POLDI s.r.o.,POLDI s.r.o.,80
,,FLO_EMIS,2025,,1855,,EUAF,,ICR480,"Porr, a.s",Porr a.s,1855,480,Porr a.s,Porr,1,100.0,"Porr, a.s",Porr,1,100.0,2,,,,Porr,Porr,True,Porr,Porr,True,True,,,,"Porr a.s /314159/ Porr, a.s",Porr,Porr,100
,,FLO_EMIS,2025,,10623,,EUAF,,IIS267,"Válcovny trub Chomutov, a.s., pracoviště Hrádek","Válcovny trub Chomutov, a.s",10623,267,"Válcovny trub Chomutov, a.s",Z-Group Steel Holding,1,,"Válcovny trub Chomutov, a.s., pracoviště Hrádek",Pracoviště Hrádek,1,100.0,2,,,,Pracoviště Hrádek,Pracoviště Veselí n.M.,False,Z-Group Steel Holding,Z-Group Steel Holding,True,True,,,,"Válcovny trub Chomutov, a.s /314159/ Válcovny trub Chomutov, a.s., pracoviště Hrádek",CTZ,CTZ,75
,,FLO_EMIS,2025,,492,,EUAF,,COM274,Plynová kotelna a regulační stanice na předehřev zemního plynu,"Pražská správa nemovitostí, spol.s r.o.",492,274,"Pražská správa nemovitostí, spol.s r.o.",Pražská správa nemovitostí,1,100.0,Plynová kotelna a regulační stanice na předehřev zemního plynu,Pražská správa nemovitostí,1,,2,,,,Pražská správa nemovitostí,Pražská správa nemovitostí,True,Pražská správa nemovitostí,Pražská správa nemovitostí,True,True,,,,"Pražská správa nemovitostí, spol.s r.o. /314159/ Plynová kotelna a regulační stanice na předehřev zemního plynu",Pražská správa nemovitostí,Pražská správa nemovitostí,100
,,FLO_EMIS,2025,,112534,,EUAF,,ICH448,Zařízení na výrobu síranu vápenatého (sádrovce) a na výrobu anorganických pigmentů,PRECHEZA a.s.,112534,448,PRECHEZA a.s.,PRECHEZA,1,100.0,Zařízení na výrobu síranu vápenatého (sádrovce) a na výrobu anorganických pigmentů,PRECHEZA,1,86.0,2,,,,PRECHEZA,PRECHEZA,False,PRECHEZA,KAVALIERGLASS,False,True,,,,PRECHEZA a.s. /314159/ Zařízení na výrobu síranu vápenatého (sádrovce) a na výrobu anorganických pigmentů,PRECHEZA,PRECHEZA,100
,,FLO_EMIS,2025,,9491,,EUAF,,IGL109,"PRECIOSA ORNELA- závod Polubný, Příchovice a Desná","PRECIOSA ORNELA, a.s.",9491,109,"PRECIOSA ORNELA, a.s.",PRECIOSA ORNELA,1,100.0,"PRECIOSA ORNELA- závod Polubný, Příchovice a Desná",PRECIOSA ORNELA,1,100.0,2,,,,PRECIOSA ORNELA,PRECIOSA ORNELA,True,PRECIOSA ORNELA,PRECIOSA ORNELA,True,True,,,,"PRECIOSA ORNELA, a.s. /314159/ PRECIOSA ORNELA- závod Polubný, Příchovice a Desná",PRECIOSA ORNELA,PRECIOSA ORNELA,100
,,FLO_EMIS,2025,,1665,,EUAF,,FM225,Provoz Brno-sever,"Teplárny Brno, a.s.",1665,225,"Teplárny Brno, a.s.",Teplárny Brno,1,100.0,Provoz Brno-sever,Provoz Brno Sever,1,100.0,2,,,,Provoz Brno Sever,Provoz Staré Brno,False,Teplárny Brno,Teplárny Brno,True,True,,,,"Teplárny Brno, a.s. /314159/ Provoz Brno-sever",Teplárny Brno,Provoz Brno Sever,100
,,FLO_EMIS,2025,,9859,,EUAF,,FM227,Provoz Červený mlýn,"Teplárny Brno, a.s.",9859,227,"Teplárny Brno, a.s.",Teplárny Brno,1,100.0,Provoz Červený mlýn,Provoz Červený Mlýn,1,100.0,2,,,,Provoz Červený Mlýn,Provoz Staré Brno,False,Teplárny Brno,Teplárny Brno,True,True,,,,"Teplárny Brno, a.s. /314159/ Provoz Červený mlýn",Teplárny Brno,Provoz Červený Mlýn,100
,,FLO_EMIS,2025,,1086,,EUAF,,HP326,Provoz Nový Jičín,"Veolia Energie ČR, a.s",1086,326,"Veolia Energie ČR, a.s",Veolia Energie ČR,1,100.0,Provoz Nový Jičín,Provoz Nový Jičín,1,100.0,2,,,,Provoz Nový Jičín,Výtopna Anenská,False,Veolia Energie ČR,Veolia Energie ČR,True,True,,,,"Veolia Energie ČR, a.s /314159/ Provoz Nový Jičín",Veolia Energie ČR,Provoz Nový Jičín,100
,,FLO_EMIS,2025,,15908,,EUAF,,FM226,Provoz Špitálka,"Teplárny Brno, a.s.",15908,226,"Teplárny Brno, a.s.",Teplárny Brno,1,100.0,Provoz Špitálka,Provoz Špitálka,1,100.0,2,,,,Provoz Špitálka,Provoz Staré Brno,False,Teplárny Brno,Teplárny Brno,True,True,,,,"Teplárny Brno, a.s. /314159/ Provoz Špitálka",Teplárny Brno,Provoz Špitálka,100
,,FLO_EMIS,2025,,158,,EUAF,,HP361,Provoz Staré Brno,"Teplárny Brno, a.s.",158,361,"Teplárny Brno, a.s.",Teplárny Brno,1,100.0,Provoz Staré Brno,Provoz Staré Brno,1,100.0,2,,,,Provoz Staré Brno,Provoz Staré Brno,True,Teplárny Brno,Teplárny Brno,True,True,,,,"Teplárny Brno, a.s. /314159/ Provoz Staré Brno",Teplárny Brno,Provoz Staré Brno,100
,,FLO_EMIS,2025,,754,,EUAF,,SPIPGAS55,Podzemní zásobník plynu Háje,"innogy Gas Storage, s. r. o.",754,55,"innogy Gas Storage, s. r. o.",RWE Gas Storage,1,,Podzemní zásobník plynu Háje,PZP Háje,1,60.0,2,Innogy split from RWE in 2016 (it was bought by E.ON in 2019),,,PZP Háje,RWE Gas Storage,False,RWE Gas Storage,RWE Gas Storage,True,True,,,,"innogy Gas Storage, s. r. o. /314159/ Podzemní zásobník plynu Háje",RWE Gas Storage,RWE Gas Storage,90
,,FLO_EMIS,2025,,1073,,EUAF,,,PZP Dambořice,Moravia Gas Storage a.s.,1073,,Moravia Gas Storage a.s.,MND Gas Storage,0,85.0,PZP Dambořice,PZP Uhřice,0,70.0,0,,,,PZP Uhřice,PZP Uhřice,True,MND Gas Storage,MND Gas Storage,True,True,,,,Moravia Gas Storage a.s. /314159/ PZP Dambořice,RWE Gas Storage,RWE Gas Storage,90
,,FLO_EMIS,2025,,1293,,EUAF,,HHTHR471,Podzemní zásobník plynu Uhřice,MND Gas Storage a.s.,1293,471,MND Gas Storage a.s.,MND Gas Storage,1,100.0,Podzemní zásobník plynu Uhřice,PZP Uhřice,1,75.0,2,,,,PZP Uhřice,PZP Uhřice,True,MND Gas Storage,MND Gas Storage,True,True,,,,MND Gas Storage a.s. /314159/ Podzemní zásobník plynu Uhřice,MND Gas Storage,PZP Uhřice,94
,,FLO_EMIS,2025,,306078,,EUAF,,SSCDRFLX372,Rafinérie Kralupy,"UNIPETROL RPA, s.r.o",306078,372,"UNIPETROL RPA, s.r.o",UNIPETROL RPA,1,100.0,Rafinérie Kralupy,Rafinérie Kralupy n.V.,1,100.0,2,,,,Rafinérie Kralupy n.V.,PETROCHEMIE,False,UNIPETROL RPA,ČESKÁ RAFINÉRSKÁ,False,True,,,,"UNIPETROL RPA, s.r.o /314159/ Rafinérie Kralupy",POLDI s.r.o.,POLDI s.r.o.,80
,,FLO_EMIS,2025,,383695,,EUAF,,SSCDRFLX231,Rafinérie Litvínov,"UNIPETROL RPA, s.r.o",383695,231,"UNIPETROL RPA, s.r.o",UNIPETROL RPA,1,100.0,Rafinérie Litvínov,Rafinérie Litvínov,1,100.0,2,,,,Rafinérie Litvínov,PETROCHEMIE,False,UNIPETROL RPA,ČESKÁ RAFINÉRSKÁ,False,True,,,,"UNIPETROL RPA, s.r.o /314159/ Rafinérie Litvínov",POLDI s.r.o.,POLDI s.r.o.,80
,,FLO_EMIS,2025,,3208,,EUAF,,ICH5,"Procter & Gamble - Rakona, s.r.o.","Procter & Gamble - Rakona, s.r.o.",3208,5,"Procter & Gamble - Rakona, s.r.o.",Procter & Gamble,1,100.0,"Procter & Gamble - Rakona, s.r.o.",Rakona,1,100.0,2,,,,Rakona,Rakona,True,Procter & Gamble,Procter & Gamble,True,True,,,,"Procter & Gamble - Rakona, s.r.o. /314159/ Procter & Gamble - Rakona, s.r.o.",Procter & Gamble,Rakona,100
,,FLO_EMIS,2025,,3782,,EUAF,,ICR219,"REFRASIL, s.r.o.","REFRASIL, s.r.o.",3782,219,"REFRASIL, s.r.o.",REFRASIL (opr),1,85.0,"REFRASIL, s.r.o.",REFRASIL (opr),1,85.0,2,,,,REFRASIL (opr),REFRASIL (opr),True,REFRASIL (opr),REFRASIL (opr),True,True,,,,"REFRASIL, s.r.o. /314159/ REFRASIL, s.r.o.",REFRASIL (opr),REFRASIL (opr),90
,,FLO_EMIS,2025,,4845,,EUAF,,ICR10,Wienerberger s.r.o. - závod Řepov,Wienerberger s.r.o.,4845,10,Wienerberger s.r.o.,Wienerberger cihlářský průmysl,1,80.0,Wienerberger s.r.o. - závod Řepov,Řepov,1,100.0,2,,,,Řepov,Holice,False,Wienerberger cihlářský průmysl,Wienerberger cihlářský průmysl,True,True,,,,Wienerberger s.r.o. /314159/ Wienerberger s.r.o. - závod Řepov,Wienerberger cihlářský průmysl,Řepov,82
,,FLO_EMIS,2025,,171255,,EUAF,,IGL334,"AGC Flat Glass Czech - závod Řetenice, výrobní linky R1, R2","AGC Flat Glass Czech a.s., člen AGC Group",171255,334,"AGC Flat Glass Czech a.s., člen AGC Group",AGC Flat Glass Czech,1,100.0,"AGC Flat Glass Czech - závod Řetenice, výrobní linky R1, R2",Řetenice (R1 a R2),1,93.0,2,,,,Řetenice (R1 a R2),Řetenice (R3),False,AGC Flat Glass Czech,AGC Flat Glass Czech,True,True,,,,"AGC Flat Glass Czech a.s., člen AGC Group /314159/ AGC Flat Glass Czech - závod Řetenice, výrobní linky R1, R2",AGC Flat Glass Czech,Řetenice (R1 a R2),100
,,FLO_EMIS,2025,,90433,,EUAF,,IGL432,"AGC Flat Glass Czech - závod Řetenice, výrobní linka R3","AGC Flat Glass Czech a.s., člen AGC Group",90433,432,"AGC Flat Glass Czech a.s., člen AGC Group",AGC Flat Glass Czech,1,100.0,"AGC Flat Glass Czech - závod Řetenice, výrobní linka R3",Řetenice (R3),1,100.0,2,,,,Řetenice (R3),Řetenice (R3),True,AGC Flat Glass Czech,AGC Flat Glass Czech,True,True,,,,"AGC Flat Glass Czech a.s., člen AGC Group /314159/ AGC Flat Glass Czech - závod Řetenice, výrobní linka R3",AGC Flat Glass Czech,Řetenice (R3),100
,,FLO_EMIS,2025,,25167,,EUAF,,ICR438,Technologická linka BOH2,"ROCKWOOL, a.s.",25167,438,"ROCKWOOL, a.s.",ROCKWOOL,1,100.0,Technologická linka BOH2,ROCKWOOL,1,,2,,,,ROCKWOOL,ROCKWOOL,True,ROCKWOOL,ROCKWOOL,True,True,,,,"ROCKWOOL, a.s. /314159/ Technologická linka BOH2",ROCKWOOL,ROCKWOOL,100
,,FLO_EMIS,2025,,18095,,EUAF,,,závod Dubí,"O-I Czech Republic, a.s.",18095,,"O-I Czech Republic, a.s.",O-I Manufacturing Czech Rep. ,1,,závod Dubí,Rudolfa hut,1,67.0,2,,,,Rudolfa hut,,False,O-I Manufacturing Czech Rep. ,,False,True,,,,"O-I Czech Republic, a.s. /314159/ závod Dubí",Iveco Czech Republic,Iveco Czech Republic,88
,,FLO_EMIS,2025,,2386,,EUAF,,SPIPGAS469,Podzemní zásobník plynu Třanovice,"innogy Gas Storage, s.r.o.",2386,469,"innogy Gas Storage, s.r.o.",RWE Gas Storage,1,,Podzemní zásobník plynu Třanovice,RWE Gas Storage,1,45.0,2,Innogy split from RWE in 2016 (it was bought by E.ON in 2019),,,RWE Gas Storage,RWE Gas Storage,True,RWE Gas Storage,RWE Gas Storage,True,True,,,,"innogy Gas Storage, s.r.o. /314159/ Podzemní zásobník plynu Třanovice",RWE Gas Storage,RWE Gas Storage,90
,,FLO_EMIS,2025,,653,,EUAF,,FM428,Rýnovická energetická s.r.o.,Rýnovická energetická s.r.o.,653,428,Rýnovická energetická s.r.o.,Rýnovická energetická,1,100.0,Rýnovická energetická s.r.o.,Rýnovická energetická,1,100.0,2,,,,Rýnovická energetická,Rýnovická energetická,True,Rýnovická energetická,Rýnovická energetická,True,True,,,,Rýnovická energetická s.r.o. /314159/ Rýnovická energetická s.r.o.,Rýnovická energetická,Rýnovická energetická,100
,,FLO_EMIS,2025,,42133,,EUAF,,ICR439,"divize Isover, Saint-Gobain Construction Products CZ a.s.",Saint-Gobain Construction Products CZ a.s.,42133,439,Saint-Gobain Construction Products CZ a.s.,Saint-Gobain Construction Products CZ,1,100.0,"divize Isover, Saint-Gobain Construction Products CZ a.s.",Saint-Gobain Construction Products CZ,1,100.0,2,,,,Saint-Gobain Construction Products CZ,Saint-Gobain Construction Products CZ,True,Saint-Gobain Construction Products CZ,Saint-Gobain Construction Products CZ,True,True,,,,"Saint-Gobain Construction Products CZ a.s. /314159/ divize Isover, Saint-Gobain Construction Products CZ a.s.",Saint-Gobain Construction Products CZ,Saint-Gobain Construction Products CZ,100
,,FLO_EMIS,2025,,2438,,EUAF,,ICR287,"Silike keramika, spol. s r.o., provoz Děčín","Silike keramika, spol. s r.o.",2438,287,"Silike keramika, spol. s r.o.",Silike keramika,1,100.0,"Silike keramika, spol. s r.o., provoz Děčín",Silike keramika,1,100.0,2,,,,Silike keramika,Silike keramika,True,Silike keramika,Silike keramika,True,True,,,,"Silike keramika, spol. s r.o. /314159/ Silike keramika, spol. s r.o., provoz Děčín",Silike keramika,Silike keramika,100
,,FLO_EMIS,2025,,7412,,EUAF,,IGL66,"SKLÁRNY MORAVIA, akciová společnost","SKLÁRNY MORAVIA, akciová společnost",7412,66,"SKLÁRNY MORAVIA, akciová společnost",Sklárny Moravia,1,100.0,"SKLÁRNY MORAVIA, akciová společnost",Sklárny Moravia,1,100.0,2,,,,Sklárny Moravia,Sklárny Moravia,True,Sklárny Moravia,Sklárny Moravia,True,True,,,,"SKLÁRNY MORAVIA, akciová společnost /314159/ SKLÁRNY MORAVIA, akciová společnost",Sklárny Moravia,Sklárny Moravia,100
,,FLO_EMIS,2025,,4511,,EUAF,,IMACH194,"ŠKODA AUTO a.s., Mladá Boleslav, závod Kvasiny",ŠKODA AUTO a.s.,4511,194,ŠKODA AUTO a.s.,ŠKODA AUTO,1,100.0,"ŠKODA AUTO a.s., Mladá Boleslav, závod Kvasiny",ŠKODA AUTO,1,100.0,2,,,,ŠKODA AUTO,ŠKODA AUTO,True,ŠKODA AUTO,ŠKODA AUTO,True,True,,,,"ŠKODA AUTO a.s. /314159/ ŠKODA AUTO a.s., Mladá Boleslav, závod Kvasiny",ŠKODA AUTO,ŠKODA AUTO,100
,,FLO_EMIS,2025,,9388,,EUAF,,IFT443,"SLADOVNY SOUFFLET ČR, a.s. - závod Kroměříž","SLADOVNY SOUFFLET ČR, a.s.",9388,443,"SLADOVNY SOUFFLET ČR, a.s.",SLADOVNY SOUFFLET ČR,1,100.0,"SLADOVNY SOUFFLET ČR, a.s. - závod Kroměříž",SLADOVNY SOUFFLET ČR,1,100.0,2,,,,SLADOVNY SOUFFLET ČR,SLADOVNY SOUFFLET ČR,True,SLADOVNY SOUFFLET ČR,SLADOVNY SOUFFLET ČR,True,True,,,,"SLADOVNY SOUFFLET ČR, a.s. /314159/ SLADOVNY SOUFFLET ČR, a.s. - závod Kroměříž",SLADOVNY SOUFFLET ČR,SLADOVNY SOUFFLET ČR,100
,,FLO_EMIS,2025,,7530,,EUAF,,ICR123,Wienerberger s.r.o. - závod Šlapanice,Wienerberger s.r.o.,7530,123,Wienerberger s.r.o.,TONDACH ČR,1,80.0,Wienerberger s.r.o. - závod Šlapanice,Šlapanice,1,100.0,2,,,,Šlapanice,Šlapanice,True,TONDACH ČR,TONDACH ČR,True,True,,,,Wienerberger s.r.o. /314159/ Wienerberger s.r.o. - závod Šlapanice,POLDI s.r.o.,POLDI s.r.o.,80
,,FLO_EMIS,2025,,5916,,EUAF,,IIS456,"Slévárny Třinec, a.s.","Slévárny Třinec, a.s.",5916,456,"Slévárny Třinec, a.s.",Slévárny Třinec,1,100.0,"Slévárny Třinec, a.s.",Slévárny Třinec,1,100.0,2,,,,Slévárny Třinec,Slévárny Třinec,True,Slévárny Třinec,Slévárny Třinec,True,True,,,,"Slévárny Třinec, a.s. /314159/ Slévárny Třinec, a.s.",Slévárny Třinec,Slévárny Třinec,100
,,FLO_EMIS,2025,,12159,,EUAF,,IPP47,Smurfit Kappa Czech s.r.o. závod Morava Paper,Smurfit Kappa Czech s.r.o.,12159,47,Smurfit Kappa Czech s.r.o.,Smurfit Kappa Czech,1,100.0,Smurfit Kappa Czech s.r.o. závod Morava Paper,Smurfit Kappa Czech,1,100.0,2,,,,Smurfit Kappa Czech,Smurfit Kappa Czech,True,Smurfit Kappa Czech,Smurfit Kappa Czech,True,True,,,,Smurfit Kappa Czech s.r.o. /314159/ Smurfit Kappa Czech s.r.o. závod Morava Paper,Smurfit Kappa Czech,Smurfit Kappa Czech,100
,,FLO_EMIS,2025,,38934,,EUAF,,IIS461,Sochorová válcovna,"TŘINECKÉ ŽELEZÁRNY, a.s.",38934,461,"TŘINECKÉ ŽELEZÁRNY, a.s.",TŘINECKÉ ŽELEZÁRNY,1,100.0,Sochorová válcovna,Sochorová válcovna,1,100.0,2,,,,Sochorová válcovna,VT - Válcovna trub,False,TŘINECKÉ ŽELEZÁRNY,TŘINECKÉ ŽELEZÁRNY,True,True,,,,"TŘINECKÉ ŽELEZÁRNY, a.s. /314159/ Sochorová válcovna",TŘINECKÉ ŽELEZÁRNY,Třinecké železárny,100
,,FLO_EMIS,2025,,93831,,EUAF,,FM197,"Sokolovská uhelná, právní nástupce, a.s. - Zpracovatelská část","Sokolovská uhelná, právní nástupce, a.s.",93831,197,"Sokolovská uhelná, právní nástupce, a.s.",Sokolovská uhelná,1,100.0,"Sokolovská uhelná, právní nástupce, a.s. - Zpracovatelská část",Sokolovská uhelná,1,100.0,2,,,,Sokolovská uhelná,Sokolovská uhelná,True,Sokolovská uhelná,Sokolovská uhelná,True,True,,,,"Sokolovská uhelná, právní nástupce, a.s. /314159/ Sokolovská uhelná, právní nástupce, a.s. - Zpracovatelská část",Sokolovská uhelná,Sokolovská uhelná,100
,,FLO_EMIS,2025,,379,,EUAF,,HP322,Špičková výtopna Olomouc,"Veolia Energie ČR, a.s",379,322,"Veolia Energie ČR, a.s",Veolia Energie ČR,1,100.0,Špičková výtopna Olomouc,Špičková výtopna Olomouc,1,100.0,2,,,,Špičková výtopna Olomouc,Výtopna Anenská,False,Veolia Energie ČR,Veolia Energie ČR,True,True,,,,"Veolia Energie ČR, a.s /314159/ Špičková výtopna Olomouc",Veolia Energie ČR,Špičková výtopna Olomouc,100
,,FLO_EMIS,2025,,69151,,EUAF,,ICH180,SPOLANA,SPOLANA s.r.o.,69151,180,SPOLANA s.r.o.,SPOLANA,1,100.0,SPOLANA,SPOLANA,1,100.0,2,,,,SPOLANA,SPOLANA,True,SPOLANA,SPOLANA,True,True,,,,SPOLANA s.r.o. /314159/ SPOLANA,SPOLANA,SPOLANA,100
,,FLO_EMIS,2025,,1498,,EUAF,,SPIPGAS459,Podzemní zásobník plynu,"SPP Storage, s.r.o.",1498,459,"SPP Storage, s.r.o.",SPP Storage,1,100.0,Podzemní zásobník plynu,SPP Storage,1,,2,,,,SPP Storage,SPP Storage,True,SPP Storage,SPP Storage,True,True,,,,"SPP Storage, s.r.o. /314159/ Podzemní zásobník plynu",SPP Storage,SPP Storage,100
,,FLO_EMIS,2025,,6045,,EUAF,,ICR74,Wienerberger s.r.o. - závod Stod,Wienerberger s.r.o.,6045,74,Wienerberger s.r.o.,TONDACH ČR,1,80.0,Wienerberger s.r.o. - závod Stod,Stod,1,100.0,2,,,,Stod,Šlapanice,False,TONDACH ČR,TONDACH ČR,True,True,,,,Wienerberger s.r.o. /314159/ Wienerberger s.r.o. - závod Stod,POLDI s.r.o.,POLDI s.r.o.,80
,,FLO_EMIS,2025,,6799,,EUAF,,ICR31,Lokalita Svitavy,P-D Refractories CZ a.s.,6799,31,P-D Refractories CZ a.s.,P-D Refractories CZ,1,100.0,Lokalita Svitavy,Svitavy,1,100.0,2,,,,Svitavy,Svitavy,True,P-D Refractories CZ,P-D Refractories CZ,True,True,,,,P-D Refractories CZ a.s. /314159/ Lokalita Svitavy,P-D Refractories CZ,Svitavy,100
,,FLO_EMIS,2025,,75206,,EUAF,,CHPICH48,"Synthesia, a.s., odštěpný závod SYNTHESIA","Synthesia, a.s.",75206,48,"Synthesia, a.s.",Synthesia,1,100.0,"Synthesia, a.s., odštěpný závod SYNTHESIA",Synthesia,1,100.0,2,,,,Synthesia,Synthesia,True,Synthesia,Synthesia,True,True,,,,"Synthesia, a.s. /314159/ Synthesia, a.s., odštěpný závod SYNTHESIA",Synthesia,Synthesia,100
,,FLO_EMIS,2025,,57570,,EUAF,,FM444,TAMEH Czech s.r.o.,TAMEH Czech s.r.o.,57570,444,TAMEH Czech s.r.o.,TAMEH Czech,1,100.0,TAMEH Czech s.r.o.,TAMEH Czech,1,100.0,2,,,,TAMEH Czech,TAMEH Czech,True,TAMEH Czech,TAMEH Czech,True,True,,,,TAMEH Czech s.r.o. /314159/ TAMEH Czech s.r.o.,TAMEH Czech,TAMEH Czech,100
,,FLO_EMIS,2025,,95309,,EUAF,,FM259,TAMERO INVEST s.r.o.,TAMERO INVEST s.r.o.,95309,259,TAMERO INVEST s.r.o.,TAMERO INVEST,1,100.0,TAMERO INVEST s.r.o.,TAMERO INVEST,1,100.0,2,,,,TAMERO INVEST,TAMERO INVEST,True,TAMERO INVEST,TAMERO INVEST,True,True,,,,TAMERO INVEST s.r.o. /314159/ TAMERO INVEST s.r.o.,TAMERO INVEST,TAMERO INVEST,100
,,FLO_EMIS,2025,,10845,,EUAF,,FM329,Teplárna Československé armády,"Veolia Energie ČR, a.s",10845,329,"Veolia Energie ČR, a.s",Veolia Energie ČR,1,100.0,Teplárna Československé armády,Teplárna ČSA,1,,2,Is ČSA short for Českoslovesnké armády?,,,Teplárna ČSA,Výtopna Anenská,False,Veolia Energie ČR,Veolia Energie ČR,True,True,,,,"Veolia Energie ČR, a.s /314159/ Teplárna Československé armády",Veolia Energie ČR,Teplárna ČSA,94
,,FLO_EMIS,2025,,4445,,EUAF,,FM105,Teplárna Dolu ČSM,"Veolia Průmyslové služby ČR, a.s.",4445,105,"Veolia Průmyslové služby ČR, a.s.",Veolia Prům. služby ČR,1,86.0,Teplárna Dolu ČSM,Teplárna Dolu ČSM,1,100.0,2,,,,Teplárna Dolu ČSM,Kotelna Staříč,False,Veolia Prům. služby ČR,Veolia Prům. služby ČR,True,True,,,,"Veolia Průmyslové služby ČR, a.s. /314159/ Teplárna Dolu ČSM",Veolia Prům. služby ČR,Teplárna Dolu ČSM,94
,,FLO_EMIS,2025,,1742,,EUAF,,FM211,Teplárna Dvůr Králové nad Labem,"ČEZ, a. s.",1742,211,"ČEZ, a. s.",ČEZ,1,100.0,Teplárna Dvůr Králové nad Labem,Teplárna Dvůr Králové n.L.,1,90.0,2,,,,Teplárna Dvůr Králové n.L.,Elektrárna Počerady 2,False,ČEZ,ČEZ,True,True,,,,"ČEZ, a. s. /314159/ Teplárna Dvůr Králové nad Labem",ČEZ,Teplárna Dvůr Králové n.L.,94
,,FLO_EMIS,2025,,8012,,EUAF,,FM330,Teplárna Frýdek-Místek,"Veolia Energie ČR, a.s",8012,330,"Veolia Energie ČR, a.s",Veolia Energie ČR,1,100.0,Teplárna Frýdek-Místek,Teplárna Frýdek-Místek,1,100.0,2,,,,Teplárna Frýdek-Místek,Výtopna Anenská,False,Veolia Energie ČR,Veolia Energie ČR,True,True,,,,"Veolia Energie ČR, a.s /314159/ Teplárna Frýdek-Místek",Veolia Energie ČR,Teplárna Frýdek-Místek,100
,,FLO_EMIS,2025,,5061,,EUAF,,HP152,Pražská teplárenská a.s. - Teplárna Holešovice,Pražská teplárenská a.s.,5061,152,Pražská teplárenská a.s.,Pražská teplárenská,1,100.0,Pražská teplárenská a.s. - Teplárna Holešovice,Teplárna Holešovice,1,100.0,2,,,,Teplárna Holešovice,Výtopna Ruzyně,False,Pražská teplárenská,Pražská teplárenská,True,True,,,,Pražská teplárenská a.s. /314159/ Pražská teplárenská a.s. - Teplárna Holešovice,Pražská teplárenská,Teplárna Holešovice,100
,,FLO_EMIS,2025,,1900,,EUAF,,FM104,Teplárna Jiráskova,Zásobování teplem Vsetín a.s.,1900,104,Zásobování teplem Vsetín a.s.,Zásobovaní teplem Vsetín,1,89.0,Teplárna Jiráskova,Teplárna Jiráskova,1,100.0,2,,,,Teplárna Jiráskova,Výtopna Ohrada,False,Zásobovaní teplem Vsetín,Zásobovaní teplem Vsetín,True,True,,,,Zásobování teplem Vsetín a.s. /314159/ Teplárna Jiráskova,Zásobovaní teplem Vsetín,Teplárna Jiráskova,95
,,FLO_EMIS,2025,,15002,,EUAF,,FM328,Teplárna Karviná,"Veolia Energie ČR, a.s",15002,328,"Veolia Energie ČR, a.s",Veolia Energie ČR,1,100.0,Teplárna Karviná,Teplárna Karviná,1,100.0,2,,,,Teplárna Karviná,Výtopna Anenská,False,Veolia Energie ČR,Veolia Energie ČR,True,True,,,,"Veolia Energie ČR, a.s /314159/ Teplárna Karviná",Veolia Energie ČR,Teplárna Karviná,100
,,FLO_EMIS,2025,,4816,,EUAF,,FM327,Teplárna Krnov,"Veolia Energie ČR, a.s",4816,327,"Veolia Energie ČR, a.s",Veolia Energie ČR,1,100.0,Teplárna Krnov,Teplárna Krnov,1,100.0,2,,,,Teplárna Krnov,Výtopna Anenská,False,Veolia Energie ČR,Veolia Energie ČR,True,True,,,,"Veolia Energie ČR, a.s /314159/ Teplárna Krnov",Veolia Energie ČR,Teplárna Krnov,100
,,FLO_EMIS,2025,,3660,,EUAF,,FM167,"Teplárna Liberec, a.s.","Teplárna Liberec, a.s.",3660,167,"Teplárna Liberec, a.s.",Teplárna Liberec,1,100.0,"Teplárna Liberec, a.s.",Teplárna Liberec,1,100.0,2,,,,Teplárna Liberec,Teplárna Liberec,True,Teplárna Liberec,Teplárna Liberec,True,True,,,,"Teplárna Liberec, a.s. /314159/ Teplárna Liberec, a.s.",Teplárna Liberec,Teplárna Liberec,100
,,FLO_EMIS,2025,,1067,,EUAF,,HP93,"Pražská teplárenská, a.s. - Teplárna Malešice","Pražská teplárenskká, a.s.",1067,93,"Pražská teplárenskká, a.s.",Pražská teplárenská,1,86.0,"Pražská teplárenská, a.s. - Teplárna Malešice",Teplárna Malešice,1,100.0,2,,,,Teplárna Malešice,Výtopna Ruzyně,False,Pražská teplárenská,Pražská teplárenská,True,True,,,,"Pražská teplárenskká, a.s. /314159/ Pražská teplárenská, a.s. - Teplárna Malešice",Pražská teplárenská,Teplárna Malešice,100
,,FLO_EMIS,2025,,1287,,EUAF,,HP151,Pražská teplárenská a.s. - Teplárna Michle,Pražská teplárenská a.s.,1287,151,Pražská teplárenská a.s.,Pražská teplárenská,1,100.0,Pražská teplárenská a.s. - Teplárna Michle,Teplárna Michle,1,100.0,2,,,,Teplárna Michle,Výtopna Ruzyně,False,Pražská teplárenská,Pražská teplárenská,True,True,,,,Pražská teplárenská a.s. /314159/ Pražská teplárenská a.s. - Teplárna Michle,Pražská teplárenská,Teplárna Michle,100
,,FLO_EMIS,2025,,17545,,EUAF,,FM256,Teplárna ŠKO-ENERGO Mladá Boleslav,"ŠKO-ENERGO, s.r.o.",17545,256,"ŠKO-ENERGO, s.r.o.",ŠKO-ENERGO,1,100.0,Teplárna ŠKO-ENERGO Mladá Boleslav,Teplárna Mladá Boleslav,1,100.0,2,,,,Teplárna Mladá Boleslav,Výtopna Vrchlabí,False,ŠKO-ENERGO,ŠKO-ENERGO,True,True,,,,"ŠKO-ENERGO, s.r.o. /314159/ Teplárna ŠKO-ENERGO Mladá Boleslav",ŠKO-ENERGO,Teplárna Mladá Boleslav,100
,,FLO_EMIS,2025,,5358,,EUAF,,FM24,provoz Teplárna Náchod,"innogy Energo, s.r.o.",5358,24,"innogy Energo, s.r.o.",RWE Energo,1,0.0,provoz Teplárna Náchod,Teplárna Náchod,1,100.0,2,,,,Teplárna Náchod,Výtopna Králův Dvůr,False,RWE Energo,RWE Energo,True,True,,,,"innogy Energo, s.r.o. /314159/ provoz Teplárna Náchod",RWE Energo,Teplárna Náchod,93
,,FLO_EMIS,2025,,22274,,EUAF,,FM321,Teplárna Olomouc,"Veolia Energie ČR, a.s",22274,321,"Veolia Energie ČR, a.s",Veolia Energie ČR,1,100.0,Teplárna Olomouc,Teplárna Olomouc,1,100.0,2,,,,Teplárna Olomouc,Výtopna Anenská,False,Veolia Energie ČR,Veolia Energie ČR,True,True,,,,"Veolia Energie ČR, a.s /314159/ Teplárna Olomouc",Veolia Energie ČR,Teplárna Olomouc,100
,,FLO_EMIS,2025,,18048,,EUAF,,FM85,Teplárna Otrokovice a.s.,Teplárna Otrokovice a.s.,18048,85,Teplárna Otrokovice a.s.,Teplárna Otrokovice,1,100.0,Teplárna Otrokovice a.s.,Teplárna Otrokovice,1,100.0,2,,,,Teplárna Otrokovice,Záložní zdroj,False,Teplárna Otrokovice,Teplárna Otrokovice,True,True,,,,Teplárna Otrokovice a.s. /314159/ Teplárna Otrokovice a.s.,Teplárna Otrokovice,Teplárna Otrokovice,100
,,FLO_EMIS,2025,,5888,,EUAF,,FM265,Teplárna Písek,"Teplárna Písek, a.s.",5888,265,"Teplárna Písek, a.s.",Teplárna Písek,1,100.0,Teplárna Písek,Teplárna Písek,1,100.0,2,,,,Teplárna Písek,Teplárna Písek,True,Teplárna Písek,Teplárna Písek,True,True,,,,"Teplárna Písek, a.s. /314159/ Teplárna Písek",Teplárna Písek,Teplárna Písek,100
,,FLO_EMIS,2025,,9796,,EUAF,,FM325,Teplárna Přerov,"Veolia Energie ČR, a.s",9796,325,"Veolia Energie ČR, a.s",Veolia Energie ČR,1,100.0,Teplárna Přerov,Teplárna Přerov,1,100.0,2,,,,Teplárna Přerov,Výtopna Anenská,False,Veolia Energie ČR,Veolia Energie ČR,True,True,,,,"Veolia Energie ČR, a.s /314159/ Teplárna Přerov",Veolia Energie ČR,Teplárna Přerov,100
,,FLO_EMIS,2025,,16159,,EUAF,,FM318,Teplárna Přívoz,"Veolia Energie ČR, a.s",16159,318,"Veolia Energie ČR, a.s",Veolia Energie ČR,1,100.0,Teplárna Přívoz,Teplárna Přívoz,1,100.0,2,,,,Teplárna Přívoz,Výtopna Anenská,False,Veolia Energie ČR,Veolia Energie ČR,True,True,,,,"Veolia Energie ČR, a.s /314159/ Teplárna Přívoz",Veolia Energie ČR,Teplárna Přívoz,100
,,FLO_EMIS,2025,,8178,,EUAF,,FM87,"Teplárna Strakonice, a.s.","Teplárna Strakonice, a.s.",8178,87,"Teplárna Strakonice, a.s.",Teplárna Strakonice,1,100.0,"Teplárna Strakonice, a.s.",Teplárna Strakonice,1,100.0,2,,,,Teplárna Strakonice,Teplárna Strakonice,True,Teplárna Strakonice,Teplárna Strakonice,True,True,,,,"Teplárna Strakonice, a.s. /314159/ Teplárna Strakonice, a.s.",Teplárna Strakonice,Teplárna Strakonice,100
,,FLO_EMIS,2025,,48466,,EUAF,,FM237,Teplárna Trmice,"ČEZ, a. s.",48466,237,"ČEZ, a. s.",ČEZ,1,100.0,Teplárna Trmice,Teplárna Trmice,1,100.0,2,,,,Teplárna Trmice,Elektrárna Počerady 2,False,ČEZ,ČEZ,True,True,,,,"ČEZ, a. s. /314159/ Teplárna Trmice",ČEZ,Teplárna Trmice,100
,,FLO_EMIS,2025,,493,,EUAF,,FM172,Teplárna Týnec s.r.o.,Teplárna Týnec s.r.o.,493,172,Teplárna Týnec s.r.o.,Teplárna Týnec,1,100.0,Teplárna Týnec s.r.o.,Teplárna Týnec,1,100.0,2,,,,Teplárna Týnec,Teplárna Týnec,True,Teplárna Týnec,Teplárna Týnec,True,True,,,,Teplárna Týnec s.r.o. /314159/ Teplárna Týnec s.r.o.,Teplárna Týnec,Teplárna Týnec,100
,,FLO_EMIS,2025,,5168,,EUAF,,FM153,Teplárna Veleslavín,"Veolia Energie Praha, a.s.",5168,153,"Veolia Energie Praha, a.s.",Veolia Energie ČR,1,90.0,Teplárna Veleslavín,Teplárna Veleslavín,1,100.0,2,,,,Teplárna Veleslavín,Výtopna Anenská,False,Veolia Energie ČR,Pražská teplárenská LPZ,False,True,,,,"Veolia Energie Praha, a.s. /314159/ Teplárna Veleslavín",Veolia Energie ČR,Teplárna ČSA,89
,,FLO_EMIS,2025,,6651,,EUAF,,FM302,Teplárna Vítkovice,"Energocentrum Vítkovice, a.s.",6651,302,"Energocentrum Vítkovice, a.s.",ČEZ,1,,Teplárna Vítkovice,Teplárna Vítkovice,1,100.0,2,,,,Teplárna Vítkovice,Elektrárna Počerady 2,False,ČEZ,ČEZ,True,True,,,,"Energocentrum Vítkovice, a.s. /314159/ Teplárna Vítkovice",ČEZ,Teplárna Vítkovice,92
,,FLO_EMIS,2025,,13708,,EUAF,,FM91,Teplárna Zlín,Alpiq Generation (CZ) s.r.o.,13708,91,Alpiq Generation (CZ) s.r.o.,Alpiq Generation (CZ),1,100.0,Teplárna Zlín,Teplárna Zlín,1,100.0,2,,,,Teplárna Zlín,Elektrárna Kladno 2,False,Alpiq Generation (CZ),Apliq Generation (CZ),False,True,,,,Alpiq Generation (CZ) s.r.o. /314159/ Teplárna Zlín,Apliq Generation (CZ),Teplárna Zlín,91
,,FLO_EMIS,2025,,9608,,EUAF,,ICH63,Energetika-kotelna,Teva Czech Industries s.r.o.,9608,63,Teva Czech Industries s.r.o.,Teva Czech Industries,1,100.0,Energetika-kotelna,Teva Czech Industries,1,,2,,,,Teva Czech Industries,Teva Czech Industries,True,Teva Czech Industries,Teva Czech Industries,True,True,,,,Teva Czech Industries s.r.o. /314159/ Energetika-kotelna,Teva Czech Industries,Teva Czech Industries,100
,,FLO_EMIS,2025,,3839,,EUAF,,HHTHR339,"DIAMO, státní podnik, odštěpný závod Těžba a úprava uranu","DIAMO, státní podnik",3839,339,"DIAMO, státní podnik",DIAMO,1,100.0,"DIAMO, státní podnik, odštěpný závod Těžba a úprava uranu",Těžba a úprava uranu.XLS,1,,2,,,,Těžba a úprava uranu.XLS,Těžba a úprava uranu.XLS,True,DIAMO,DIAMO,True,True,,,,"DIAMO, státní podnik /314159/ DIAMO, státní podnik, odštěpný závod Těžba a úprava uranu",DIAMO,Těžba a úprava uranu.XLS,94
,,FLO_EMIS,2025,,3961139,,EUAF,,IIS192,"TŘINECKÉ ŽELEZÁRNY, a.s.","TŘINECKÉ ŽELEZÁRNY, a.s.",3961139,192,"TŘINECKÉ ŽELEZÁRNY, a.s.",TŘINECKÉ ŽELEZÁRNY,1,100.0,"TŘINECKÉ ŽELEZÁRNY, a.s.",Třinecké železárny,1,100.0,2,,,,Třinecké železárny,VT - Válcovna trub,False,TŘINECKÉ ŽELEZÁRNY,TŘINECKÉ ŽELEZÁRNY,True,True,,,,"TŘINECKÉ ŽELEZÁRNY, a.s. /314159/ TŘINECKÉ ŽELEZÁRNY, a.s.",TŘINECKÉ ŽELEZÁRNY,Třinecké železárny,100
,,FLO_EMIS,2025,,6587,,EUAF,,FM98,"Teplárna Tábor, a.s. - základní kotelna TTA1","Teplárna Tábor, a.s.",6587,98,"Teplárna Tábor, a.s.",Teplárna Tábor,1,100.0,"Teplárna Tábor, a.s. - základní kotelna TTA1",TTA1,1,100.0,2,,,,TTA1,TTA2,False,Teplárna Tábor,Teplárna Tábor,True,True,,Veolia Energie ČR,Elektrárna Třebovice,"Teplárna Tábor, a.s. /314159/ Teplárna Tábor, a.s. - základní kotelna TTA1",Teplárna Tábor,TTA1,100
,,FLO_EMIS,2025,,100,,EUAF,,HP158,"Teplárna Tábor, a.s. - výtopna TTA2","Teplárna Tábor, a.s.",100,158,"Teplárna Tábor, a.s.",Teplárna Tábor,1,100.0,"Teplárna Tábor, a.s. - výtopna TTA2",TTA2,1,100.0,2,,,,TTA2,TTA2,True,Teplárna Tábor,Teplárna Tábor,True,True,,Veolia Energie ČR,Mobilní kotelna Jižní Město,"Teplárna Tábor, a.s. /314159/ Teplárna Tábor, a.s. - výtopna TTA2",Teplárna Tábor,TTA2,100
,,FLO_EMIS,2025,,14271,,EUAF,,ICR14,Wienerberger s.r.o. - závod Týn,Wienerberger s.r.o.,14271,14,Wienerberger s.r.o.,Wienerberger cihlářský průmysl,1,80.0,Wienerberger s.r.o. - závod Týn,Týn n.V.,1,,2,,,,Týn n.V.,Holice,False,Wienerberger cihlářský průmysl,,False,True,,Veolia Energie ČR,Provoz Nový Jičín,Wienerberger s.r.o. /314159/ Wienerberger s.r.o. - závod Týn,POLDI s.r.o.,POLDI s.r.o.,80
,,FLO_EMIS,2025,,15974,,EUAF,,IGL281,Stölzle - Union s.r.o.,Stölzle - Union s.r.o.,15974,281,Stölzle - Union s.r.o.,STÖLZLE,1,100.0,Stölzle - Union s.r.o.,UNION,1,100.0,2,,,,UNION,UNION,True,STÖLZLE,STÖLZLE,True,True,,Veolia Energie ČR,Provozovna Fakultní nemocnice,Stölzle - Union s.r.o. /314159/ Stölzle - Union s.r.o.,STÖLZLE,UNION,100
,,FLO_EMIS,2025,,1852,,EUAF,,IGL481,Tepelné a zvukové izolace ROTAFLEX - UNION LESNÍ BRÁNA - tavící agregát,"UNION LESNÍ BRÁNA, a.s.",1852,481,"UNION LESNÍ BRÁNA, a.s.",UNION LESNÍ BRÁNA,1,100.0,Tepelné a zvukové izolace ROTAFLEX - UNION LESNÍ BRÁNA - tavící agregát,UNION LESNÍ BRÁNA,1,0.0,2,,,,UNION LESNÍ BRÁNA,UNION LESNÍ BRÁNA,True,UNION LESNÍ BRÁNA,UNION LESNÍ BRÁNA,True,True,,Veolia Energie ČR,Špičková výtopna Olomouc,"UNION LESNÍ BRÁNA, a.s. /314159/ Tepelné a zvukové izolace ROTAFLEX - UNION LESNÍ BRÁNA - tavící agregát",UNION LESNÍ BRÁNA,UNION LESNÍ BRÁNA,100
,,FLO_EMIS,2025,,21278,,EUAF,,FM190,"United Energy a.s.,Teplárna Komořany","United energy, a.s.",21278,190,"United energy, a.s.",United Energy,1,100.0,"United Energy a.s.,Teplárna Komořany",United Energy,1,100.0,2,,,,United Energy,United Energy,True,United Energy,United Energy,True,True,,Veolia Energie ČR,Teplárna ČSA,"United energy, a.s. /314159/ United Energy a.s.,Teplárna Komořany",United Energy,United Energy,100
,,FLO_EMIS,2025,,16846,,EUAF,,IIS453,"Válcovny trub Chomutov, a.s.","Válcovny trub Chomutov, a.s",16846,453,"Válcovny trub Chomutov, a.s",Z-Group Steel Holding,1,,"Válcovny trub Chomutov, a.s.",Válcovny trub Chomutov,1,100.0,2,,,,Válcovny trub Chomutov,Pracoviště Veselí n.M.,False,Z-Group Steel Holding,Z-Group Steel Holding,True,True,,Veolia Energie ČR,Teplárna Frýdek-Místek,"Válcovny trub Chomutov, a.s /314159/ Válcovny trub Chomutov, a.s.",Z-Group Steel Holding,Válcovny trub Chomutov,93
,,FLO_EMIS,2025,,250783,,EUAF,,ILM144,Vápenka Čertovy schody a.s.,Vápenka Čertovy schody a.s.,250783,144,Vápenka Čertovy schody a.s.,Vápenka čertovy schody,1,100.0,Vápenka Čertovy schody a.s.,Vápenka čertovy schody,1,100.0,2,,,,Vápenka čertovy schody,Vápenka čertovy schody,True,Vápenka čertovy schody,Vápenka čertovy schody,True,True,,Veolia Energie ČR,Teplárna Karviná,Vápenka Čertovy schody a.s. /314159/ Vápenka Čertovy schody a.s.,Vápenka čertovy schody,Vápenka čertovy schody,100
,,FLO_EMIS,2025,,218235,,EUAF,,ILM178,"VÁPENKA VITOŠOV, s.r.o.",VÁPENKA VITOŠOV s.r.o.,218235,178,VÁPENKA VITOŠOV s.r.o.,Vápenka Vitošov,1,100.0,"VÁPENKA VITOŠOV, s.r.o.",Vápenka Vitošov,1,100.0,2,,,,Vápenka Vitošov,Vápenka Vitošov,True,Vápenka Vitošov,Vápenka Vitošov,True,True,,Veolia Energie ČR,Teplárna Krnov,"VÁPENKA VITOŠOV s.r.o. /314159/ VÁPENKA VITOŠOV, s.r.o.",Vápenka Vitošov,Vápenka Vitošov,100
,,FLO_EMIS,2025,,65638,,EUAF,,ILM301,CARMEUSE CZECH REPUBLIC s.r.o; Vápenka Mokrá,CARMEUSE CZECH REPUBLIC s.r.o.,65638,301,CARMEUSE CZECH REPUBLIC s.r.o.,CARMEUSE CZECH REP.,1,88.0,CARMEUSE CZECH REPUBLIC s.r.o; Vápenka Mokrá,Vápenska Mokrá,1,,2,,,,Vápenska Mokrá,Vápenska Mokrá,True,CARMEUSE CZECH REP.,CARMEUSE CZECH REP.,True,True,,Veolia Energie ČR,Teplárna Olomouc,CARMEUSE CZECH REPUBLIC s.r.o. /314159/ CARMEUSE CZECH REPUBLIC s.r.o; Vápenka Mokrá,Iveco Czech Republic,Iveco Czech Republic,88
,,FLO_EMIS,2025,,1234,,EUAF,,IMACH355,Kotelna a další spalovací zařízení,"Varroc Lighting Systems, s.r.o.",1234,355,"Varroc Lighting Systems, s.r.o.",Varroc Lighting Systems,1,100.0,Kotelna a další spalovací zařízení,Varroc Lighting Systems,1,,2,,,,Varroc Lighting Systems,Varroc Lighting Systems,True,Varroc Lighting Systems,Varroc Lighting Systems,True,True,,Veolia Energie ČR,Teplárna Přerov,"Varroc Lighting Systems, s.r.o. /314159/ Kotelna a další spalovací zařízení",Varroc Lighting Systems,Varroc Lighting Systems,100
,,FLO_EMIS,2025,,13503,,EUAF,,ICR30,Lokalita Velké Opatovice,P-D Refractories CZ a.s.,13503,30,P-D Refractories CZ a.s.,P-D Refractories CZ,1,100.0,Lokalita Velké Opatovice,Velké Opatovice,1,100.0,2,,,,Velké Opatovice,Svitavy,False,P-D Refractories CZ,P-D Refractories CZ,True,True,,,,P-D Refractories CZ a.s. /314159/ Lokalita Velké Opatovice,P-D Refractories CZ,Velké Opatovice,100
,,FLO_EMIS,2025,,3389,,EUAF,,FM111,Výtopna Mariánské Lázně,"Veolia Energie Mariánské Lázně, s.r.o.",3389,111,"Veolia Energie Mariánské Lázně, s.r.o.",Veolia Energie Mariánské Lázně,1,100.0,Výtopna Mariánské Lázně,Veolia Energie Mariánské Lázně,1,77.0,2,,,,Veolia Energie Mariánské Lázně,Veolia Energie Mariánské Lázně,True,Veolia Energie Mariánské Lázně,Veolia Energie Mariánské Lázně,True,True,,,,"Veolia Energie Mariánské Lázně, s.r.o. /314159/ Výtopna Mariánské Lázně",Veolia Energie Mariánské Lázně,Veolia Energie Mariánské Lázně,100
,,FLO_EMIS,2025,,55291,,EUAF,,IGL179,"VETROPACK MORAVIA GLASS, akciová společnost","VETROPACK MORAVIA GLASS, akciová společnost",55291,179,"VETROPACK MORAVIA GLASS, akciová společnost",VETROPACK MORAVIA GLASS,1,100.0,"VETROPACK MORAVIA GLASS, akciová společnost",VETROPACK MORAVIA GLASS,1,100.0,2,,,,VETROPACK MORAVIA GLASS,VETROPACK MORAVIA GLASS,True,VETROPACK MORAVIA GLASS,VETROPACK MORAVIA GLASS,True,True,,,,"VETROPACK MORAVIA GLASS, akciová společnost /314159/ VETROPACK MORAVIA GLASS, akciová společnost",VETROPACK MORAVIA GLASS,VETROPACK MORAVIA GLASS,100
,,FLO_EMIS,2025,,33189,,EUAF,,IIS84,VÍTKOVICE HEAVY MACHINERY a.s.,VÍTKOVICE HEAVY MACHINERY a.s.,33189,84,VÍTKOVICE HEAVY MACHINERY a.s.,VÍTKOVICE HEAVY MACHINERY,1,100.0,VÍTKOVICE HEAVY MACHINERY a.s.,VÍTKOVICE HEAVY MACHINERY,1,100.0,2,,,,VÍTKOVICE HEAVY MACHINERY,VÍTKOVICE HEAVY MACHINERY,True,VÍTKOVICE HEAVY MACHINERY,VÍTKOVICE HEAVY MACHINERY,True,True,,,,VÍTKOVICE HEAVY MACHINERY a.s. /314159/ VÍTKOVICE HEAVY MACHINERY a.s.,VÍTKOVICE HEAVY MACHINERY,VÍTKOVICE HEAVY MACHINERY,100
,,FLO_EMIS,2025,,48951,,EUAF,,IIS102,Válcovny,"VÍTKOVICE STEEL,a.s.",48951,102,"VÍTKOVICE STEEL,a.s.",Vítkovice Steel,1,100.0,Válcovny,Vítkovice Steel,1,100.0,2,,,,,,,,,,True,,,,"VÍTKOVICE STEEL,a.s. /314159/ Válcovny",Vítkovice Steel,Vítkovice Steel,100
,,FLO_EMIS,2025,,25118,,EUAF,,IGL299,"VITRABLOK, s.r.o.","VITRABLOK, s.r.o.",25118,299,"VITRABLOK, s.r.o.",VITRABLOK,1,100.0,"VITRABLOK, s.r.o.",VITRABLOK,1,100.0,2,,,,VITRABLOK,VITRABLOK,True,VITRABLOK,VITRABLOK,True,True,,,,"VITRABLOK, s.r.o. /314159/ VITRABLOK, s.r.o.",VITRABLOK,VITRABLOK,100
,,FLO_EMIS,2025,,3828,,EUAF,,FM163,Výroba a prodej tepla Příbram a.s. - CZT,Výroba a prodej tepla Příbram a.s.,3828,163,Výroba a prodej tepla Příbram a.s.,Výroba a prodej tepla Příbram,1,100.0,Výroba a prodej tepla Příbram a.s. - CZT,Výroba a prodej tepla Příbram,1,100.0,2,,,,Výroba a prodej tepla Příbram,Výroba a prodej tepla Příbram,True,Výroba a prodej tepla Příbram,Výroba a prodej tepla Příbram,True,True,,,,Výroba a prodej tepla Příbram a.s. /314159/ Výroba a prodej tepla Příbram a.s. - CZT,Výroba a prodej tepla Příbram,Výroba a prodej tepla Příbram,100
,,FLO_EMIS,2025,,41,,EUAF,,ICH458,SYNTHOS Kralupy a.s.,SYNTHOS Kralupy a.s.,41,458,SYNTHOS Kralupy a.s.,SYNTHOS Kralupy,1,100.0,SYNTHOS Kralupy a.s.,Výroba Etylbenzen,1,,2,,,,Výroba Etylbenzen,Výroba Polystyreny,False,SYNTHOS Kralupy,SYNTHOS Kralupy,True,True,,,,SYNTHOS Kralupy a.s. /314159/ SYNTHOS Kralupy a.s.,SYNTHOS Kralupy,Výroba Etylbenzen,92
,,FLO_EMIS,2025,,10155,,EUAF,,ICH475,SYNTHOS Kralupy a.s.- výroba Polystyreny,SYNTHOS Kralupy a.s.,10155,475,SYNTHOS Kralupy a.s.,SYNTHOS Kralupy,1,100.0,SYNTHOS Kralupy a.s.- výroba Polystyreny,Výroba Polystyreny,1,100.0,2,,,,Výroba Polystyreny,Výroba Polystyreny,True,SYNTHOS Kralupy,SYNTHOS Kralupy,True,True,,,,SYNTHOS Kralupy a.s. /314159/ SYNTHOS Kralupy a.s.- výroba Polystyreny,SYNTHOS Kralupy,Výroba Polystyreny,100
,,FLO_EMIS,2025,,55830,,EUAF,,ICH470,SYNTHOS Kralupy a.s.-výroba Styren,SYNTHOS Kralupy a.s.,55830,470,SYNTHOS Kralupy a.s.,SYNTHOS Kralupy,1,100.0,SYNTHOS Kralupy a.s.-výroba Styren,Výroba Styren,1,100.0,2,,,,Výroba Styren,Výroba Polystyreny,False,SYNTHOS Kralupy,SYNTHOS Kralupy,True,True,,,,SYNTHOS Kralupy a.s. /314159/ SYNTHOS Kralupy a.s.-výroba Styren,SYNTHOS Kralupy,Výroba Styren,100
,,FLO_EMIS,2025,,3879,,EUAF,,HP155,Výtopna Juliska,"Veolia Energie Praha, a.s.",3879,155,"Veolia Energie Praha, a.s.",Veolia Energie ČR,1,90.0,Výtopna Juliska,Výtopna Juliska,1,100.0,2,,,,Výtopna Juliska,Výtopna Anenská,False,Veolia Energie ČR,Pražská teplárenská LPZ,False,True,,,,"Veolia Energie Praha, a.s. /314159/ Výtopna Juliska",Veolia Energie ČR,Výtopna Anenská,85
,,FLO_EMIS,2025,,2504,,EUAF,,HP154,Výtopna Perč,"Žatecká teplárenská, a.s.",2504,154,"Žatecká teplárenská, a.s.",Žatecká teplárenská,1,100.0,Výtopna Perč,Výtopna Krč,1,86.0,2,,,,Výtopna Krč,Žatecká teplárenská,False,Žatecká teplárenská,Pražská teplárenská,False,True,,,,"Žatecká teplárenská, a.s. /314159/ Výtopna Perč",Žatecká teplárenská,Žatecká teplárenská,100
,,FLO_EMIS,2025,,3463,,EUAF,,,ENERGIE Holding a.s.,ENERGIE Holding a.s.,3463,#REF!,ENERGIE Holding a.s.,ENERGIE Holding,1,100.0,ENERGIE Holding a.s.,Výtopna Litoměřice - Kocanda,1,,2,"Installation: ""Výtopna Litoměřice - Kocanda"", ""Výtopna Mimoň - Hradčany"" or ""Výtopna Louny""",Výtopna Litoměřice - Kocanda,,Výtopna Litoměřice - Kocanda,Výtopna Louny,False,ENERGIE Holding,ENERGIE Holding,True,True,,,,ENERGIE Holding a.s. /314159/ ENERGIE Holding a.s.,ENERGIE Holding,Výtopna Litoměřice - Kocanda,92
,,FLO_EMIS,2025,,2077,,EUAF,,HP141,Výtopna LOOS,ČESKOLIPSKÁ TEPLÁRENSKÁ a.s.,2077,141,ČESKOLIPSKÁ TEPLÁRENSKÁ a.s.,Českolipská teplárenská,1,100.0,Výtopna LOOS,Výtopna LOOS,1,100.0,2,,,HP141,Výtopna LOOS,Výtopna LOOS,True,Českolipská teplárenská,Českolipská teplárenská,True,True,,,,ČESKOLIPSKÁ TEPLÁRENSKÁ a.s. /314159/ Výtopna LOOS,Českolipská teplárenská,Výtopna LOOS,100
,,FLO_EMIS,2025,,2984,,EUAF,,HP404,Výtopna SEVER,"Letiště Praha, a.s.",2984,404,"Letiště Praha, a.s.",Letiště Praha,1,100.0,Výtopna SEVER,Výtopna Sever,1,100.0,2,,,,Výtopna Sever,Výtopna Sever,True,Letiště Praha,Letiště Praha,True,True,,,,"Letiště Praha, a.s. /314159/ Výtopna SEVER",Letiště Praha,Výtopna Sever,100
,,FLO_EMIS,2025,,794,,EUAF,,HP285,"Teplárna České Budějovice, a.s. Výtopna Vráto","Teplárna České Budějovice, a. s.",794,285,"Teplárna České Budějovice, a. s.",Teplárna České Budějovice,1,100.0,"Teplárna České Budějovice, a.s. Výtopna Vráto",Výtopna Vráto,1,100.0,2,,,,Výtopna Vráto,Výtopna Vráto,True,Teplárna České Budějovice,Teplárna České Budějovice,True,True,,,,"Teplárna České Budějovice, a. s. /314159/ Teplárna České Budějovice, a.s. Výtopna Vráto",Teplárna České Budějovice,Výtopna Vráto,100
,,FLO_EMIS,2025,,389,,EUAF,,FM257,Výtopna ŠKO-ENERGO Vrchlabí,"ŠKO-ENERGO, s.r.o.",389,257,"ŠKO-ENERGO, s.r.o.",ŠKO-ENERGO,1,100.0,Výtopna ŠKO-ENERGO Vrchlabí,Výtopna Vrchlabí,1,100.0,2,,,,Výtopna Vrchlabí,Výtopna Vrchlabí,True,ŠKO-ENERGO,ŠKO-ENERGO,True,True,,,,"ŠKO-ENERGO, s.r.o. /314159/ Výtopna ŠKO-ENERGO Vrchlabí",ŠKO-ENERGO,Výtopna Vrchlabí,100
,,FLO_EMIS,2025,,37936,,EUAF,,ICR20,Wienerberger s.r.o. - závod Jezernice,Wienerberger s.r.o.,37936,20,Wienerberger s.r.o.,Wienerberger cihelna Jezernice,1,80.0,Wienerberger s.r.o. - závod Jezernice,Wienerberger cihelna Jezernice,1,85.0,2,,,,Wienerberger cihelna Jezernice,Wienerberger cihelna Jezernice,True,Wienerberger cihelna Jezernice,Wienerberger cihelna Jezernice,True,True,,,,Wienerberger s.r.o. /314159/ Wienerberger s.r.o. - závod Jezernice,Wienerberger cihelna Jezernice,Wienerberger cihelna Jezernice,88
,,FLO_EMIS,2025,,5345,,EUAF,,IW298,"Wotan Forest, a.s., Divize plošných materiálů ALFA","Wotan Forest, a.s.",5345,298,"Wotan Forest, a.s.",Wotan Forest,1,100.0,"Wotan Forest, a.s., Divize plošných materiálů ALFA",Wotan Forest,1,100.0,2,,,,Wotan Forest,Wotan Forest,True,Wotan Forest,Wotan Forest,True,True,,,,"Wotan Forest, a.s. /314159/ Wotan Forest, a.s., Divize plošných materiálů ALFA",Wotan Forest,Wotan Forest,100
,,FLO_EMIS,2025,,13594,,EUAF,,IGL94,Zařízení na výrobu skla,"KAVALIERGLASS, a.s.",13594,94,"KAVALIERGLASS, a.s.",KAVALIERGLASS,1,100.0,Zařízení na výrobu skla,Zařízení na výrobu skla,1,100.0,2,,,,Zařízení na výrobu skla,Zařízení na výrobu skla,True,KAVALIERGLASS,KAVALIERGLASS,True,True,,,,"KAVALIERGLASS, a.s. /314159/ Zařízení na výrobu skla",KAVALIERGLASS,Zařízení na výrobu skla,100
,,FLO_EMIS,2025,,17549,,EUAF,,IGL294,AGC Flat Glass Czech - závod Barevka,"AGC Flat Glass Czech a.s., člen AGC Group",17549,294,"AGC Flat Glass Czech a.s., člen AGC Group",AGC Flat Glass Czech,1,100.0,AGC Flat Glass Czech - závod Barevka,Závod Barevka,1,100.0,2,,,,Závod Barevka,Řetenice (R3),False,AGC Flat Glass Czech,AGC Flat Glass Czech,True,True,,,,"AGC Flat Glass Czech a.s., člen AGC Group /314159/ AGC Flat Glass Czech - závod Barevka",AGC Flat Glass Czech,Závod Barevka,100
,,FLO_EMIS,2025,,9104,,EUAF,,ICR2,"LASSELSBERGER, s.r.o., závod Borovany",LASSELSBERGER s.r.o.,9104,2,LASSELSBERGER s.r.o.,LASSELSBERGER,1,100.0,"LASSELSBERGER, s.r.o., závod Borovany",Závod Borovany,1,100.0,2,,,,Závod Borovany,Závod Podbořany,False,LASSELSBERGER,LASSELSBERGER,True,True,,,,"LASSELSBERGER s.r.o. /314159/ LASSELSBERGER, s.r.o., závod Borovany",LASSELSBERGER,Závod Borovany,100
,,FLO_EMIS,2025,,50590,,EUAF,,ICR4,"LASSELSBERGER, s.r.o., závod Chlumčany",LASSELSBEREGER s.r.o.,50590,4,LASSELSBEREGER s.r.o.,LASSELSBERGER,1,79.0,"LASSELSBERGER, s.r.o., závod Chlumčany",Závod Chlumčany,1,100.0,2,,,,Závod Chlumčany,Závod Podbořany,False,LASSELSBERGER,LASSELSBERGER,True,True,,,,"LASSELSBEREGER s.r.o. /314159/ LASSELSBERGER, s.r.o., závod Chlumčany",LASSELSBERGER,Závod Chlumčany,100
,,FLO_EMIS,2025,,12274,,EUAF,,IGL131,SAINT-GOBAIN ADFORS CZ s.r.o. - závod Hodonice,SAINT-GOBAIN ADFORS CZ s.r.o. - závod Hodonice,12274,131,SAINT-GOBAIN ADFORS CZ s.r.o. - závod Hodonice,SAINT-GOBAIN ADFORS CZ,1,100.0,SAINT-GOBAIN ADFORS CZ s.r.o. - závod Hodonice,Závod Hodonice,1,100.0,2,,,,Závod Hodonice,Závod Litomyšl,False,SAINT-GOBAIN ADFORS CZ,SAINT-GOBAIN ADFORS CZ,True,True,,,,SAINT-GOBAIN ADFORS CZ s.r.o. - závod Hodonice /314159/ SAINT-GOBAIN ADFORS CZ s.r.o. - závod Hodonice,SAINT-GOBAIN ADFORS CZ,Závod Hodonice,100
,,FLO_EMIS,2025,,21670,,EUAF,,IGL132,"SAINT-GOBAIN ADFORS CZ, s.r.o. - závod Litomyšl",SANIT-GOBAIN ADFORS CZ s.r.o,21670,132,SANIT-GOBAIN ADFORS CZ s.r.o,SAINT-GOBAIN ADFORS CZ,1,84.0,"SAINT-GOBAIN ADFORS CZ, s.r.o. - závod Litomyšl",Závod Litomyšl,1,100.0,2,,,,Závod Litomyšl,Závod Litomyšl,True,SAINT-GOBAIN ADFORS CZ,SAINT-GOBAIN ADFORS CZ,True,True,,,,"SANIT-GOBAIN ADFORS CZ s.r.o /314159/ SAINT-GOBAIN ADFORS CZ, s.r.o. - závod Litomyšl",SAINT-GOBAIN ADFORS CZ,Závod Litomyšl,100
,,FLO_EMIS,2025,,530745,,EUAF,,ICM260,Českomoravský cement - závod Mokrá,"Českomoravský cement, a.s.",530745,260,"Českomoravský cement, a.s.",Českomoravský cement,1,100.0,Českomoravský cement - závod Mokrá,Závod Mokrá,1,100.0,2,,,,Závod Mokrá,Závod Radotín,False,Českomoravský cement,Českomoravský cement,True,True,,,,"Českomoravský cement, a.s. /314159/ Českomoravský cement - závod Mokrá",Českomoravský cement,Závod Mokrá,100
,,FLO_EMIS,2025,,7632,,EUAF,,IGL241,"Crystalex CZ, s.r.o. – závod Nový Bor","Crystalex CZ, s.r.o.",7632,241,"Crystalex CZ, s.r.o.",Crystalex CZ,1,100.0,"Crystalex CZ, s.r.o. – závod Nový Bor",Závod Nový Bor,1,100.0,2,,,,Závod Nový Bor,Závod Nový Bor,True,Crystalex CZ,Crystalex CZ,True,True,,,,"Crystalex CZ, s.r.o. /314159/ Crystalex CZ, s.r.o. – závod Nový Bor",Crystalex CZ,Závod Nový Bor,100
,,FLO_EMIS,2025,,12823,,EUAF,,ICR364,"LASSELSBERGER,s.r.o., závod Podbořany","LASSELSBERGER, s.r.o.",12823,364,"LASSELSBERGER, s.r.o.",LASSELSBERGER,1,100.0,"LASSELSBERGER,s.r.o., závod Podbořany",Závod Podbořany,1,100.0,2,,,,Závod Podbořany,Závod Podbořany,True,LASSELSBERGER,LASSELSBERGER,True,True,,,,"LASSELSBERGER, s.r.o. /314159/ LASSELSBERGER,s.r.o., závod Podbořany",LASSELSBERGER,Závod Podbořany,100
,,FLO_EMIS,2025,,384067,,EUAF,,ICM261,"Českomoravský cement, a.s. - závod Radotín","Českomoravský cement, a.s.",384067,261,"Českomoravský cement, a.s.",Českomoravský cement,1,100.0,"Českomoravský cement, a.s. - závod Radotín",Závod Radotín,1,100.0,2,,,,Závod Radotín,Závod Radotín,True,Českomoravský cement,Českomoravský cement,True,True,,,,"Českomoravský cement, a.s. /314159/ Českomoravský cement, a.s. - závod Radotín",Českomoravský cement,Závod Radotín,100
,,FLO_EMIS,2025,,40246,,EUAF,,ICR82,"LASSELSBERGER,s.r.o., závod RAKO 3","LASSELSBERGER, s.r.o.",40246,82,"LASSELSBERGER, s.r.o.",LASSELSBERGER,1,100.0,"LASSELSBERGER,s.r.o., závod RAKO 3",Závod RAKO 3,1,100.0,2,,,,Závod RAKO 3,Závod Podbořany,False,LASSELSBERGER,LASSELSBERGER,True,True,,,,"LASSELSBERGER, s.r.o. /314159/ LASSELSBERGER,s.r.o., závod RAKO 3",LASSELSBERGER,Závod RAKO 3,100
,,FLO_EMIS,2025,,26435,,EUAF,,IIS309,"ŽĎAS, a.s.","ŽĎAS, a.s.",26435,309,"ŽĎAS, a.s.",ŽĎAS,1,100.0,"ŽĎAS, a.s.",ŽĎAS,1,100.0,2,,,,ŽĎAS,ŽĎAS,True,ŽĎAS,ŽĎAS,True,True,,,,"ŽĎAS, a.s. /314159/ ŽĎAS, a.s.",ŽĎAS,ŽĎAS,100
,,FLO_EMIS,2025,,1840,,EUAF,,HP308,"ZVVZ ENERGO, s.r.o. - kotelna","ZVVZ ENERGO, s.r.o.",1840,308,"ZVVZ ENERGO, s.r.o.",ZVVZ ENERGO,1,100.0,"ZVVZ ENERGO, s.r.o. - kotelna",ZVVZ ENERGO,1,100.0,2,,,,ZVVZ ENERGO,ZVVZ ENERGO,True,ZVVZ ENERGO,ZVVZ ENERGO,True,True,,,,"ZVVZ ENERGO, s.r.o. /314159/ ZVVZ ENERGO, s.r.o. - kotelna",ZVVZ ENERGO,ZVVZ ENERGO,100
